date,datatype_temp,station,attributes_temp,value_temp,datatype_wx,attributes_wx,value_wx,date_only,station_name,latitude,longitude,elevation
2018-10-01,TAVG,GHCND:USW00014732,"H,,S,",21.2,AWND,",,W,",3.1,2018-10-01,"LAGUARDIA AIRPORT, NY US",40.77944,-73.88035,3.4
2018-10-01,TAVG,GHCND:USW00014732,"H,,S,",21.2,PRCP,",,W,2400",0.0,2018-10-01,"LAGUARDIA AIRPORT, NY US",40.77944,-73.88035,3.4
2018-10-01,TAVG,GHCND:USW00014732,"H,,S,",21.2,SNOW,",,W,",0.0,2018-10-01,"LAGUARDIA AIRPORT, NY US",40.77944,-73.88035,3.4
2018-10-01,TAVG,GHCND:USW00014732,"H,,S,",21.2,SNWD,",,W,2400",0.0,2018-10-01,"LAGUARDIA AIRPORT, NY US",40.77944,-73.88035,3.4
2018-10-01,TAVG,GHCND:USW00014732,"H,,S,",21.2,TAVG,"H,,S,",21.2,2018-10-01,"LAGUARDIA AIRPORT, NY US",40.77944,-73.88035,3.4
2018-10-01,TAVG,GHCND:USW00014732,"H,,S,",21.2,TMAX,",,W,2400",25.6,2018-10-01,"LAGUARDIA AIRPORT, NY US",40.77944,-73.88035,3.4
2018-10-01,TAVG,GHCND:USW00014732,"H,,S,",21.2,TMIN,",,W,2400",18.3,2018-10-01,"LAGUARDIA AIRPORT, NY US",40.77944,-73.88035,3.4
2018-10-01,TAVG,GHCND:USW00014732,"H,,S,",21.2,WDF2,",,W,",220.0,2018-10-01,"LAGUARDIA AIRPORT, NY US",40.77944,-73.88035,3.4
2018-10-01,TAVG,GHCND:USW00014732,"H,,S,",21.2,WDF5,",,W,",240.0,2018-10-01,"LAGUARDIA AIRPORT, NY US",40.77944,-73.88035,3.4
2018-10-01,TAVG,GHCND:USW00014732,"H,,S,",21.2,WSF2,",,W,",7.2,2018-10-01,"LAGUARDIA AIRPORT, NY US",40.77944,-73.88035,3.4
2018-10-01,TAVG,GHCND:USW00014732,"H,,S,",21.2,WSF5,",,W,",9.4,2018-10-01,"LAGUARDIA AIRPORT, NY US",40.77944,-73.88035,3.4
2018-10-01,TMAX,GHCND:USW00014732,",,W,2400",25.6,AWND,",,W,",3.1,2018-10-01,"LAGUARDIA AIRPORT, NY US",40.77944,-73.88035,3.4
2018-10-01,TMAX,GHCND:USW00014732,",,W,2400",25.6,PRCP,",,W,2400",0.0,2018-10-01,"LAGUARDIA AIRPORT, NY US",40.77944,-73.88035,3.4
2018-10-01,TMAX,GHCND:USW00014732,",,W,2400",25.6,SNOW,",,W,",0.0,2018-10-01,"LAGUARDIA AIRPORT, NY US",40.77944,-73.88035,3.4
2018-10-01,TMAX,GHCND:USW00014732,",,W,2400",25.6,SNWD,",,W,2400",0.0,2018-10-01,"LAGUARDIA AIRPORT, NY US",40.77944,-73.88035,3.4
2018-10-01,TMAX,GHCND:USW00014732,",,W,2400",25.6,TAVG,"H,,S,",21.2,2018-10-01,"LAGUARDIA AIRPORT, NY US",40.77944,-73.88035,3.4
2018-10-01,TMAX,GHCND:USW00014732,",,W,2400",25.6,TMAX,",,W,2400",25.6,2018-10-01,"LAGUARDIA AIRPORT, NY US",40.77944,-73.88035,3.4
2018-10-01,TMAX,GHCND:USW00014732,",,W,2400",25.6,TMIN,",,W,2400",18.3,2018-10-01,"LAGUARDIA AIRPORT, NY US",40.77944,-73.88035,3.4
2018-10-01,TMAX,GHCND:USW00014732,",,W,2400",25.6,WDF2,",,W,",220.0,2018-10-01,"LAGUARDIA AIRPORT, NY US",40.77944,-73.88035,3.4
2018-10-01,TMAX,GHCND:USW00014732,",,W,2400",25.6,WDF5,",,W,",240.0,2018-10-01,"LAGUARDIA AIRPORT, NY US",40.77944,-73.88035,3.4
2018-10-01,TMAX,GHCND:USW00014732,",,W,2400",25.6,WSF2,",,W,",7.2,2018-10-01,"LAGUARDIA AIRPORT, NY US",40.77944,-73.88035,3.4
2018-10-01,TMAX,GHCND:USW00014732,",,W,2400",25.6,WSF5,",,W,",9.4,2018-10-01,"LAGUARDIA AIRPORT, NY US",40.77944,-73.88035,3.4
2018-10-01,TMIN,GHCND:USW00014732,",,W,2400",18.3,AWND,",,W,",3.1,2018-10-01,"LAGUARDIA AIRPORT, NY US",40.77944,-73.88035,3.4
2018-10-01,TMIN,GHCND:USW00014732,",,W,2400",18.3,PRCP,",,W,2400",0.0,2018-10-01,"LAGUARDIA AIRPORT, NY US",40.77944,-73.88035,3.4
2018-10-01,TMIN,GHCND:USW00014732,",,W,2400",18.3,SNOW,",,W,",0.0,2018-10-01,"LAGUARDIA AIRPORT, NY US",40.77944,-73.88035,3.4
2018-10-01,TMIN,GHCND:USW00014732,",,W,2400",18.3,SNWD,",,W,2400",0.0,2018-10-01,"LAGUARDIA AIRPORT, NY US",40.77944,-73.88035,3.4
2018-10-01,TMIN,GHCND:USW00014732,",,W,2400",18.3,TAVG,"H,,S,",21.2,2018-10-01,"LAGUARDIA AIRPORT, NY US",40.77944,-73.88035,3.4
2018-10-01,TMIN,GHCND:USW00014732,",,W,2400",18.3,TMAX,",,W,2400",25.6,2018-10-01,"LAGUARDIA AIRPORT, NY US",40.77944,-73.88035,3.4
2018-10-01,TMIN,GHCND:USW00014732,",,W,2400",18.3,TMIN,",,W,2400",18.3,2018-10-01,"LAGUARDIA AIRPORT, NY US",40.77944,-73.88035,3.4
2018-10-01,TMIN,GHCND:USW00014732,",,W,2400",18.3,WDF2,",,W,",220.0,2018-10-01,"LAGUARDIA AIRPORT, NY US",40.77944,-73.88035,3.4
2018-10-01,TMIN,GHCND:USW00014732,",,W,2400",18.3,WDF5,",,W,",240.0,2018-10-01,"LAGUARDIA AIRPORT, NY US",40.77944,-73.88035,3.4
2018-10-01,TMIN,GHCND:USW00014732,",,W,2400",18.3,WSF2,",,W,",7.2,2018-10-01,"LAGUARDIA AIRPORT, NY US",40.77944,-73.88035,3.4
2018-10-01,TMIN,GHCND:USW00014732,",,W,2400",18.3,WSF5,",,W,",9.4,2018-10-01,"LAGUARDIA AIRPORT, NY US",40.77944,-73.88035,3.4
2018-10-02,TAVG,GHCND:USW00014732,"H,,S,",22.7,AWND,",,W,",4.3,2018-10-02,"LAGUARDIA AIRPORT, NY US",40.77944,-73.88035,3.4
2018-10-02,TAVG,GHCND:USW00014732,"H,,S,",22.7,PRCP,",,W,2400",14.2,2018-10-02,"LAGUARDIA AIRPORT, NY US",40.77944,-73.88035,3.4
2018-10-02,TAVG,GHCND:USW00014732,"H,,S,",22.7,SNOW,",,W,",0.0,2018-10-02,"LAGUARDIA AIRPORT, NY US",40.77944,-73.88035,3.4
2018-10-02,TAVG,GHCND:USW00014732,"H,,S,",22.7,SNWD,",,W,2400",0.0,2018-10-02,"LAGUARDIA AIRPORT, NY US",40.77944,-73.88035,3.4
2018-10-02,TAVG,GHCND:USW00014732,"H,,S,",22.7,TAVG,"H,,S,",22.7,2018-10-02,"LAGUARDIA AIRPORT, NY US",40.77944,-73.88035,3.4
2018-10-02,TAVG,GHCND:USW00014732,"H,,S,",22.7,TMAX,",,W,2400",26.1,2018-10-02,"LAGUARDIA AIRPORT, NY US",40.77944,-73.88035,3.4
2018-10-02,TAVG,GHCND:USW00014732,"H,,S,",22.7,TMIN,",,W,2400",19.4,2018-10-02,"LAGUARDIA AIRPORT, NY US",40.77944,-73.88035,3.4
2018-10-02,TAVG,GHCND:USW00014732,"H,,S,",22.7,WDF2,",,W,",310.0,2018-10-02,"LAGUARDIA AIRPORT, NY US",40.77944,-73.88035,3.4
2018-10-02,TAVG,GHCND:USW00014732,"H,,S,",22.7,WDF5,",,W,",310.0,2018-10-02,"LAGUARDIA AIRPORT, NY US",40.77944,-73.88035,3.4
2018-10-02,TAVG,GHCND:USW00014732,"H,,S,",22.7,WSF2,",,W,",10.3,2018-10-02,"LAGUARDIA AIRPORT, NY US",40.77944,-73.88035,3.4
2018-10-02,TAVG,GHCND:USW00014732,"H,,S,",22.7,WSF5,",,W,",12.5,2018-10-02,"LAGUARDIA AIRPORT, NY US",40.77944,-73.88035,3.4
2018-10-02,TAVG,GHCND:USW00014732,"H,,S,",22.7,WT01,",,W,",1.0,2018-10-02,"LAGUARDIA AIRPORT, NY US",40.77944,-73.88035,3.4
2018-10-02,TAVG,GHCND:USW00014732,"H,,S,",22.7,WT03,",,W,",1.0,2018-10-02,"LAGUARDIA AIRPORT, NY US",40.77944,-73.88035,3.4
2018-10-02,TMAX,GHCND:USW00014732,",,W,2400",26.1,AWND,",,W,",4.3,2018-10-02,"LAGUARDIA AIRPORT, NY US",40.77944,-73.88035,3.4
2018-10-02,TMAX,GHCND:USW00014732,",,W,2400",26.1,PRCP,",,W,2400",14.2,2018-10-02,"LAGUARDIA AIRPORT, NY US",40.77944,-73.88035,3.4
2018-10-02,TMAX,GHCND:USW00014732,",,W,2400",26.1,SNOW,",,W,",0.0,2018-10-02,"LAGUARDIA AIRPORT, NY US",40.77944,-73.88035,3.4
2018-10-02,TMAX,GHCND:USW00014732,",,W,2400",26.1,SNWD,",,W,2400",0.0,2018-10-02,"LAGUARDIA AIRPORT, NY US",40.77944,-73.88035,3.4
2018-10-02,TMAX,GHCND:USW00014732,",,W,2400",26.1,TAVG,"H,,S,",22.7,2018-10-02,"LAGUARDIA AIRPORT, NY US",40.77944,-73.88035,3.4
2018-10-02,TMAX,GHCND:USW00014732,",,W,2400",26.1,TMAX,",,W,2400",26.1,2018-10-02,"LAGUARDIA AIRPORT, NY US",40.77944,-73.88035,3.4
2018-10-02,TMAX,GHCND:USW00014732,",,W,2400",26.1,TMIN,",,W,2400",19.4,2018-10-02,"LAGUARDIA AIRPORT, NY US",40.77944,-73.88035,3.4
2018-10-02,TMAX,GHCND:USW00014732,",,W,2400",26.1,WDF2,",,W,",310.0,2018-10-02,"LAGUARDIA AIRPORT, NY US",40.77944,-73.88035,3.4
2018-10-02,TMAX,GHCND:USW00014732,",,W,2400",26.1,WDF5,",,W,",310.0,2018-10-02,"LAGUARDIA AIRPORT, NY US",40.77944,-73.88035,3.4
2018-10-02,TMAX,GHCND:USW00014732,",,W,2400",26.1,WSF2,",,W,",10.3,2018-10-02,"LAGUARDIA AIRPORT, NY US",40.77944,-73.88035,3.4
2018-10-02,TMAX,GHCND:USW00014732,",,W,2400",26.1,WSF5,",,W,",12.5,2018-10-02,"LAGUARDIA AIRPORT, NY US",40.77944,-73.88035,3.4
2018-10-02,TMAX,GHCND:USW00014732,",,W,2400",26.1,WT01,",,W,",1.0,2018-10-02,"LAGUARDIA AIRPORT, NY US",40.77944,-73.88035,3.4
2018-10-02,TMAX,GHCND:USW00014732,",,W,2400",26.1,WT03,",,W,",1.0,2018-10-02,"LAGUARDIA AIRPORT, NY US",40.77944,-73.88035,3.4
2018-10-02,TMIN,GHCND:USW00014732,",,W,2400",19.4,AWND,",,W,",4.3,2018-10-02,"LAGUARDIA AIRPORT, NY US",40.77944,-73.88035,3.4
2018-10-02,TMIN,GHCND:USW00014732,",,W,2400",19.4,PRCP,",,W,2400",14.2,2018-10-02,"LAGUARDIA AIRPORT, NY US",40.77944,-73.88035,3.4
2018-10-02,TMIN,GHCND:USW00014732,",,W,2400",19.4,SNOW,",,W,",0.0,2018-10-02,"LAGUARDIA AIRPORT, NY US",40.77944,-73.88035,3.4
2018-10-02,TMIN,GHCND:USW00014732,",,W,2400",19.4,SNWD,",,W,2400",0.0,2018-10-02,"LAGUARDIA AIRPORT, NY US",40.77944,-73.88035,3.4
2018-10-02,TMIN,GHCND:USW00014732,",,W,2400",19.4,TAVG,"H,,S,",22.7,2018-10-02,"LAGUARDIA AIRPORT, NY US",40.77944,-73.88035,3.4
2018-10-02,TMIN,GHCND:USW00014732,",,W,2400",19.4,TMAX,",,W,2400",26.1,2018-10-02,"LAGUARDIA AIRPORT, NY US",40.77944,-73.88035,3.4
2018-10-02,TMIN,GHCND:USW00014732,",,W,2400",19.4,TMIN,",,W,2400",19.4,2018-10-02,"LAGUARDIA AIRPORT, NY US",40.77944,-73.88035,3.4
2018-10-02,TMIN,GHCND:USW00014732,",,W,2400",19.4,WDF2,",,W,",310.0,2018-10-02,"LAGUARDIA AIRPORT, NY US",40.77944,-73.88035,3.4
2018-10-02,TMIN,GHCND:USW00014732,",,W,2400",19.4,WDF5,",,W,",310.0,2018-10-02,"LAGUARDIA AIRPORT, NY US",40.77944,-73.88035,3.4
2018-10-02,TMIN,GHCND:USW00014732,",,W,2400",19.4,WSF2,",,W,",10.3,2018-10-02,"LAGUARDIA AIRPORT, NY US",40.77944,-73.88035,3.4
2018-10-02,TMIN,GHCND:USW00014732,",,W,2400",19.4,WSF5,",,W,",12.5,2018-10-02,"LAGUARDIA AIRPORT, NY US",40.77944,-73.88035,3.4
2018-10-02,TMIN,GHCND:USW00014732,",,W,2400",19.4,WT01,",,W,",1.0,2018-10-02,"LAGUARDIA AIRPORT, NY US",40.77944,-73.88035,3.4
2018-10-02,TMIN,GHCND:USW00014732,",,W,2400",19.4,WT03,",,W,",1.0,2018-10-02,"LAGUARDIA AIRPORT, NY US",40.77944,-73.88035,3.4
2018-10-03,TAVG,GHCND:USW00014732,"H,,S,",21.8,AWND,",,W,",3.6,2018-10-03,"LAGUARDIA AIRPORT, NY US",40.77944,-73.88035,3.4
2018-10-03,TAVG,GHCND:USW00014732,"H,,S,",21.8,PRCP,",,W,2400",0.0,2018-10-03,"LAGUARDIA AIRPORT, NY US",40.77944,-73.88035,3.4
2018-10-03,TAVG,GHCND:USW00014732,"H,,S,",21.8,SNOW,",,W,",0.0,2018-10-03,"LAGUARDIA AIRPORT, NY US",40.77944,-73.88035,3.4
2018-10-03,TAVG,GHCND:USW00014732,"H,,S,",21.8,SNWD,",,W,2400",0.0,2018-10-03,"LAGUARDIA AIRPORT, NY US",40.77944,-73.88035,3.4
2018-10-03,TAVG,GHCND:USW00014732,"H,,S,",21.8,TAVG,"H,,S,",21.8,2018-10-03,"LAGUARDIA AIRPORT, NY US",40.77944,-73.88035,3.4
2018-10-03,TAVG,GHCND:USW00014732,"H,,S,",21.8,TMAX,",,W,2400",25.0,2018-10-03,"LAGUARDIA AIRPORT, NY US",40.77944,-73.88035,3.4
2018-10-03,TAVG,GHCND:USW00014732,"H,,S,",21.8,TMIN,",,W,2400",18.9,2018-10-03,"LAGUARDIA AIRPORT, NY US",40.77944,-73.88035,3.4
2018-10-03,TAVG,GHCND:USW00014732,"H,,S,",21.8,WDF2,",,W,",320.0,2018-10-03,"LAGUARDIA AIRPORT, NY US",40.77944,-73.88035,3.4
2018-10-03,TAVG,GHCND:USW00014732,"H,,S,",21.8,WDF5,",,W,",320.0,2018-10-03,"LAGUARDIA AIRPORT, NY US",40.77944,-73.88035,3.4
2018-10-03,TAVG,GHCND:USW00014732,"H,,S,",21.8,WSF2,",,W,",8.1,2018-10-03,"LAGUARDIA AIRPORT, NY US",40.77944,-73.88035,3.4
2018-10-03,TAVG,GHCND:USW00014732,"H,,S,",21.8,WSF5,",,W,",9.8,2018-10-03,"LAGUARDIA AIRPORT, NY US",40.77944,-73.88035,3.4
2018-10-03,TMAX,GHCND:USW00014732,",,W,2400",25.0,AWND,",,W,",3.6,2018-10-03,"LAGUARDIA AIRPORT, NY US",40.77944,-73.88035,3.4
2018-10-03,TMAX,GHCND:USW00014732,",,W,2400",25.0,PRCP,",,W,2400",0.0,2018-10-03,"LAGUARDIA AIRPORT, NY US",40.77944,-73.88035,3.4
2018-10-03,TMAX,GHCND:USW00014732,",,W,2400",25.0,SNOW,",,W,",0.0,2018-10-03,"LAGUARDIA AIRPORT, NY US",40.77944,-73.88035,3.4
2018-10-03,TMAX,GHCND:USW00014732,",,W,2400",25.0,SNWD,",,W,2400",0.0,2018-10-03,"LAGUARDIA AIRPORT, NY US",40.77944,-73.88035,3.4
2018-10-03,TMAX,GHCND:USW00014732,",,W,2400",25.0,TAVG,"H,,S,",21.8,2018-10-03,"LAGUARDIA AIRPORT, NY US",40.77944,-73.88035,3.4
2018-10-03,TMAX,GHCND:USW00014732,",,W,2400",25.0,TMAX,",,W,2400",25.0,2018-10-03,"LAGUARDIA AIRPORT, NY US",40.77944,-73.88035,3.4
2018-10-03,TMAX,GHCND:USW00014732,",,W,2400",25.0,TMIN,",,W,2400",18.9,2018-10-03,"LAGUARDIA AIRPORT, NY US",40.77944,-73.88035,3.4
2018-10-03,TMAX,GHCND:USW00014732,",,W,2400",25.0,WDF2,",,W,",320.0,2018-10-03,"LAGUARDIA AIRPORT, NY US",40.77944,-73.88035,3.4
2018-10-03,TMAX,GHCND:USW00014732,",,W,2400",25.0,WDF5,",,W,",320.0,2018-10-03,"LAGUARDIA AIRPORT, NY US",40.77944,-73.88035,3.4
2018-10-03,TMAX,GHCND:USW00014732,",,W,2400",25.0,WSF2,",,W,",8.1,2018-10-03,"LAGUARDIA AIRPORT, NY US",40.77944,-73.88035,3.4
2018-10-03,TMAX,GHCND:USW00014732,",,W,2400",25.0,WSF5,",,W,",9.8,2018-10-03,"LAGUARDIA AIRPORT, NY US",40.77944,-73.88035,3.4
2018-10-03,TMIN,GHCND:USW00014732,",,W,2400",18.9,AWND,",,W,",3.6,2018-10-03,"LAGUARDIA AIRPORT, NY US",40.77944,-73.88035,3.4
2018-10-03,TMIN,GHCND:USW00014732,",,W,2400",18.9,PRCP,",,W,2400",0.0,2018-10-03,"LAGUARDIA AIRPORT, NY US",40.77944,-73.88035,3.4
2018-10-03,TMIN,GHCND:USW00014732,",,W,2400",18.9,SNOW,",,W,",0.0,2018-10-03,"LAGUARDIA AIRPORT, NY US",40.77944,-73.88035,3.4
2018-10-03,TMIN,GHCND:USW00014732,",,W,2400",18.9,SNWD,",,W,2400",0.0,2018-10-03,"LAGUARDIA AIRPORT, NY US",40.77944,-73.88035,3.4
2018-10-03,TMIN,GHCND:USW00014732,",,W,2400",18.9,TAVG,"H,,S,",21.8,2018-10-03,"LAGUARDIA AIRPORT, NY US",40.77944,-73.88035,3.4
2018-10-03,TMIN,GHCND:USW00014732,",,W,2400",18.9,TMAX,",,W,2400",25.0,2018-10-03,"LAGUARDIA AIRPORT, NY US",40.77944,-73.88035,3.4
2018-10-03,TMIN,GHCND:USW00014732,",,W,2400",18.9,TMIN,",,W,2400",18.9,2018-10-03,"LAGUARDIA AIRPORT, NY US",40.77944,-73.88035,3.4
2018-10-03,TMIN,GHCND:USW00014732,",,W,2400",18.9,WDF2,",,W,",320.0,2018-10-03,"LAGUARDIA AIRPORT, NY US",40.77944,-73.88035,3.4
2018-10-03,TMIN,GHCND:USW00014732,",,W,2400",18.9,WDF5,",,W,",320.0,2018-10-03,"LAGUARDIA AIRPORT, NY US",40.77944,-73.88035,3.4
2018-10-03,TMIN,GHCND:USW00014732,",,W,2400",18.9,WSF2,",,W,",8.1,2018-10-03,"LAGUARDIA AIRPORT, NY US",40.77944,-73.88035,3.4
2018-10-03,TMIN,GHCND:USW00014732,",,W,2400",18.9,WSF5,",,W,",9.8,2018-10-03,"LAGUARDIA AIRPORT, NY US",40.77944,-73.88035,3.4
2018-10-04,TAVG,GHCND:USW00014732,"H,,S,",21.3,AWND,",,W,",2.5,2018-10-04,"LAGUARDIA AIRPORT, NY US",40.77944,-73.88035,3.4
2018-10-04,TAVG,GHCND:USW00014732,"H,,S,",21.3,PRCP,",,W,2400",1.0,2018-10-04,"LAGUARDIA AIRPORT, NY US",40.77944,-73.88035,3.4
2018-10-04,TAVG,GHCND:USW00014732,"H,,S,",21.3,SNOW,",,W,",0.0,2018-10-04,"LAGUARDIA AIRPORT, NY US",40.77944,-73.88035,3.4
2018-10-04,TAVG,GHCND:USW00014732,"H,,S,",21.3,SNWD,",,W,2400",0.0,2018-10-04,"LAGUARDIA AIRPORT, NY US",40.77944,-73.88035,3.4
2018-10-04,TAVG,GHCND:USW00014732,"H,,S,",21.3,TAVG,"H,,S,",21.3,2018-10-04,"LAGUARDIA AIRPORT, NY US",40.77944,-73.88035,3.4
2018-10-04,TAVG,GHCND:USW00014732,"H,,S,",21.3,TMAX,",,W,2400",26.1,2018-10-04,"LAGUARDIA AIRPORT, NY US",40.77944,-73.88035,3.4
2018-10-04,TAVG,GHCND:USW00014732,"H,,S,",21.3,TMIN,",,W,2400",17.8,2018-10-04,"LAGUARDIA AIRPORT, NY US",40.77944,-73.88035,3.4
2018-10-04,TAVG,GHCND:USW00014732,"H,,S,",21.3,WDF2,",,W,",350.0,2018-10-04,"LAGUARDIA AIRPORT, NY US",40.77944,-73.88035,3.4
2018-10-04,TAVG,GHCND:USW00014732,"H,,S,",21.3,WDF5,",,W,",350.0,2018-10-04,"LAGUARDIA AIRPORT, NY US",40.77944,-73.88035,3.4
2018-10-04,TAVG,GHCND:USW00014732,"H,,S,",21.3,WSF2,",,W,",6.3,2018-10-04,"LAGUARDIA AIRPORT, NY US",40.77944,-73.88035,3.4
2018-10-04,TAVG,GHCND:USW00014732,"H,,S,",21.3,WSF5,",,W,",8.5,2018-10-04,"LAGUARDIA AIRPORT, NY US",40.77944,-73.88035,3.4
2018-10-04,TMAX,GHCND:USW00014732,",,W,2400",26.1,AWND,",,W,",2.5,2018-10-04,"LAGUARDIA AIRPORT, NY US",40.77944,-73.88035,3.4
2018-10-04,TMAX,GHCND:USW00014732,",,W,2400",26.1,PRCP,",,W,2400",1.0,2018-10-04,"LAGUARDIA AIRPORT, NY US",40.77944,-73.88035,3.4
2018-10-04,TMAX,GHCND:USW00014732,",,W,2400",26.1,SNOW,",,W,",0.0,2018-10-04,"LAGUARDIA AIRPORT, NY US",40.77944,-73.88035,3.4
2018-10-04,TMAX,GHCND:USW00014732,",,W,2400",26.1,SNWD,",,W,2400",0.0,2018-10-04,"LAGUARDIA AIRPORT, NY US",40.77944,-73.88035,3.4
2018-10-04,TMAX,GHCND:USW00014732,",,W,2400",26.1,TAVG,"H,,S,",21.3,2018-10-04,"LAGUARDIA AIRPORT, NY US",40.77944,-73.88035,3.4
2018-10-04,TMAX,GHCND:USW00014732,",,W,2400",26.1,TMAX,",,W,2400",26.1,2018-10-04,"LAGUARDIA AIRPORT, NY US",40.77944,-73.88035,3.4
2018-10-04,TMAX,GHCND:USW00014732,",,W,2400",26.1,TMIN,",,W,2400",17.8,2018-10-04,"LAGUARDIA AIRPORT, NY US",40.77944,-73.88035,3.4
2018-10-04,TMAX,GHCND:USW00014732,",,W,2400",26.1,WDF2,",,W,",350.0,2018-10-04,"LAGUARDIA AIRPORT, NY US",40.77944,-73.88035,3.4
2018-10-04,TMAX,GHCND:USW00014732,",,W,2400",26.1,WDF5,",,W,",350.0,2018-10-04,"LAGUARDIA AIRPORT, NY US",40.77944,-73.88035,3.4
2018-10-04,TMAX,GHCND:USW00014732,",,W,2400",26.1,WSF2,",,W,",6.3,2018-10-04,"LAGUARDIA AIRPORT, NY US",40.77944,-73.88035,3.4
2018-10-04,TMAX,GHCND:USW00014732,",,W,2400",26.1,WSF5,",,W,",8.5,2018-10-04,"LAGUARDIA AIRPORT, NY US",40.77944,-73.88035,3.4
2018-10-04,TMIN,GHCND:USW00014732,",,W,2400",17.8,AWND,",,W,",2.5,2018-10-04,"LAGUARDIA AIRPORT, NY US",40.77944,-73.88035,3.4
2018-10-04,TMIN,GHCND:USW00014732,",,W,2400",17.8,PRCP,",,W,2400",1.0,2018-10-04,"LAGUARDIA AIRPORT, NY US",40.77944,-73.88035,3.4
2018-10-04,TMIN,GHCND:USW00014732,",,W,2400",17.8,SNOW,",,W,",0.0,2018-10-04,"LAGUARDIA AIRPORT, NY US",40.77944,-73.88035,3.4
2018-10-04,TMIN,GHCND:USW00014732,",,W,2400",17.8,SNWD,",,W,2400",0.0,2018-10-04,"LAGUARDIA AIRPORT, NY US",40.77944,-73.88035,3.4
2018-10-04,TMIN,GHCND:USW00014732,",,W,2400",17.8,TAVG,"H,,S,",21.3,2018-10-04,"LAGUARDIA AIRPORT, NY US",40.77944,-73.88035,3.4
2018-10-04,TMIN,GHCND:USW00014732,",,W,2400",17.8,TMAX,",,W,2400",26.1,2018-10-04,"LAGUARDIA AIRPORT, NY US",40.77944,-73.88035,3.4
2018-10-04,TMIN,GHCND:USW00014732,",,W,2400",17.8,TMIN,",,W,2400",17.8,2018-10-04,"LAGUARDIA AIRPORT, NY US",40.77944,-73.88035,3.4
2018-10-04,TMIN,GHCND:USW00014732,",,W,2400",17.8,WDF2,",,W,",350.0,2018-10-04,"LAGUARDIA AIRPORT, NY US",40.77944,-73.88035,3.4
2018-10-04,TMIN,GHCND:USW00014732,",,W,2400",17.8,WDF5,",,W,",350.0,2018-10-04,"LAGUARDIA AIRPORT, NY US",40.77944,-73.88035,3.4
2018-10-04,TMIN,GHCND:USW00014732,",,W,2400",17.8,WSF2,",,W,",6.3,2018-10-04,"LAGUARDIA AIRPORT, NY US",40.77944,-73.88035,3.4
2018-10-04,TMIN,GHCND:USW00014732,",,W,2400",17.8,WSF5,",,W,",8.5,2018-10-04,"LAGUARDIA AIRPORT, NY US",40.77944,-73.88035,3.4
2018-10-05,TAVG,GHCND:USW00014732,"H,,S,",20.3,AWND,",,W,",4.3,2018-10-05,"LAGUARDIA AIRPORT, NY US",40.77944,-73.88035,3.4
2018-10-05,TAVG,GHCND:USW00014732,"H,,S,",20.3,PRCP,",,W,2400",0.0,2018-10-05,"LAGUARDIA AIRPORT, NY US",40.77944,-73.88035,3.4
2018-10-05,TAVG,GHCND:USW00014732,"H,,S,",20.3,SNOW,",,W,",0.0,2018-10-05,"LAGUARDIA AIRPORT, NY US",40.77944,-73.88035,3.4
2018-10-05,TAVG,GHCND:USW00014732,"H,,S,",20.3,SNWD,",,W,2400",0.0,2018-10-05,"LAGUARDIA AIRPORT, NY US",40.77944,-73.88035,3.4
2018-10-05,TAVG,GHCND:USW00014732,"H,,S,",20.3,TAVG,"H,,S,",20.3,2018-10-05,"LAGUARDIA AIRPORT, NY US",40.77944,-73.88035,3.4
2018-10-05,TAVG,GHCND:USW00014732,"H,,S,",20.3,TMAX,",,W,2400",22.8,2018-10-05,"LAGUARDIA AIRPORT, NY US",40.77944,-73.88035,3.4
2018-10-05,TAVG,GHCND:USW00014732,"H,,S,",20.3,TMIN,",,W,2400",16.1,2018-10-05,"LAGUARDIA AIRPORT, NY US",40.77944,-73.88035,3.4
2018-10-05,TAVG,GHCND:USW00014732,"H,,S,",20.3,WDF2,",,W,",20.0,2018-10-05,"LAGUARDIA AIRPORT, NY US",40.77944,-73.88035,3.4
2018-10-05,TAVG,GHCND:USW00014732,"H,,S,",20.3,WDF5,",,W,",30.0,2018-10-05,"LAGUARDIA AIRPORT, NY US",40.77944,-73.88035,3.4
2018-10-05,TAVG,GHCND:USW00014732,"H,,S,",20.3,WSF2,",,W,",8.9,2018-10-05,"LAGUARDIA AIRPORT, NY US",40.77944,-73.88035,3.4
2018-10-05,TAVG,GHCND:USW00014732,"H,,S,",20.3,WSF5,",,W,",12.1,2018-10-05,"LAGUARDIA AIRPORT, NY US",40.77944,-73.88035,3.4
2018-10-05,TMAX,GHCND:USW00014732,",,W,2400",22.8,AWND,",,W,",4.3,2018-10-05,"LAGUARDIA AIRPORT, NY US",40.77944,-73.88035,3.4
2018-10-05,TMAX,GHCND:USW00014732,",,W,2400",22.8,PRCP,",,W,2400",0.0,2018-10-05,"LAGUARDIA AIRPORT, NY US",40.77944,-73.88035,3.4
2018-10-05,TMAX,GHCND:USW00014732,",,W,2400",22.8,SNOW,",,W,",0.0,2018-10-05,"LAGUARDIA AIRPORT, NY US",40.77944,-73.88035,3.4
2018-10-05,TMAX,GHCND:USW00014732,",,W,2400",22.8,SNWD,",,W,2400",0.0,2018-10-05,"LAGUARDIA AIRPORT, NY US",40.77944,-73.88035,3.4
2018-10-05,TMAX,GHCND:USW00014732,",,W,2400",22.8,TAVG,"H,,S,",20.3,2018-10-05,"LAGUARDIA AIRPORT, NY US",40.77944,-73.88035,3.4
2018-10-05,TMAX,GHCND:USW00014732,",,W,2400",22.8,TMAX,",,W,2400",22.8,2018-10-05,"LAGUARDIA AIRPORT, NY US",40.77944,-73.88035,3.4
2018-10-05,TMAX,GHCND:USW00014732,",,W,2400",22.8,TMIN,",,W,2400",16.1,2018-10-05,"LAGUARDIA AIRPORT, NY US",40.77944,-73.88035,3.4
2018-10-05,TMAX,GHCND:USW00014732,",,W,2400",22.8,WDF2,",,W,",20.0,2018-10-05,"LAGUARDIA AIRPORT, NY US",40.77944,-73.88035,3.4
2018-10-05,TMAX,GHCND:USW00014732,",,W,2400",22.8,WDF5,",,W,",30.0,2018-10-05,"LAGUARDIA AIRPORT, NY US",40.77944,-73.88035,3.4
2018-10-05,TMAX,GHCND:USW00014732,",,W,2400",22.8,WSF2,",,W,",8.9,2018-10-05,"LAGUARDIA AIRPORT, NY US",40.77944,-73.88035,3.4
2018-10-05,TMAX,GHCND:USW00014732,",,W,2400",22.8,WSF5,",,W,",12.1,2018-10-05,"LAGUARDIA AIRPORT, NY US",40.77944,-73.88035,3.4
2018-10-05,TMIN,GHCND:USW00014732,",,W,2400",16.1,AWND,",,W,",4.3,2018-10-05,"LAGUARDIA AIRPORT, NY US",40.77944,-73.88035,3.4
2018-10-05,TMIN,GHCND:USW00014732,",,W,2400",16.1,PRCP,",,W,2400",0.0,2018-10-05,"LAGUARDIA AIRPORT, NY US",40.77944,-73.88035,3.4
2018-10-05,TMIN,GHCND:USW00014732,",,W,2400",16.1,SNOW,",,W,",0.0,2018-10-05,"LAGUARDIA AIRPORT, NY US",40.77944,-73.88035,3.4
2018-10-05,TMIN,GHCND:USW00014732,",,W,2400",16.1,SNWD,",,W,2400",0.0,2018-10-05,"LAGUARDIA AIRPORT, NY US",40.77944,-73.88035,3.4
2018-10-05,TMIN,GHCND:USW00014732,",,W,2400",16.1,TAVG,"H,,S,",20.3,2018-10-05,"LAGUARDIA AIRPORT, NY US",40.77944,-73.88035,3.4
2018-10-05,TMIN,GHCND:USW00014732,",,W,2400",16.1,TMAX,",,W,2400",22.8,2018-10-05,"LAGUARDIA AIRPORT, NY US",40.77944,-73.88035,3.4
2018-10-05,TMIN,GHCND:USW00014732,",,W,2400",16.1,TMIN,",,W,2400",16.1,2018-10-05,"LAGUARDIA AIRPORT, NY US",40.77944,-73.88035,3.4
2018-10-05,TMIN,GHCND:USW00014732,",,W,2400",16.1,WDF2,",,W,",20.0,2018-10-05,"LAGUARDIA AIRPORT, NY US",40.77944,-73.88035,3.4
2018-10-05,TMIN,GHCND:USW00014732,",,W,2400",16.1,WDF5,",,W,",30.0,2018-10-05,"LAGUARDIA AIRPORT, NY US",40.77944,-73.88035,3.4
2018-10-05,TMIN,GHCND:USW00014732,",,W,2400",16.1,WSF2,",,W,",8.9,2018-10-05,"LAGUARDIA AIRPORT, NY US",40.77944,-73.88035,3.4
2018-10-05,TMIN,GHCND:USW00014732,",,W,2400",16.1,WSF5,",,W,",12.1,2018-10-05,"LAGUARDIA AIRPORT, NY US",40.77944,-73.88035,3.4
2018-10-06,TAVG,GHCND:USW00014732,"H,,S,",18.7,AWND,",,W,",3.6,2018-10-06,"LAGUARDIA AIRPORT, NY US",40.77944,-73.88035,3.4
2018-10-06,TAVG,GHCND:USW00014732,"H,,S,",18.7,PRCP,"T,,W,2400",0.0,2018-10-06,"LAGUARDIA AIRPORT, NY US",40.77944,-73.88035,3.4
2018-10-06,TAVG,GHCND:USW00014732,"H,,S,",18.7,SNOW,",,W,",0.0,2018-10-06,"LAGUARDIA AIRPORT, NY US",40.77944,-73.88035,3.4
2018-10-06,TAVG,GHCND:USW00014732,"H,,S,",18.7,SNWD,",,W,2400",0.0,2018-10-06,"LAGUARDIA AIRPORT, NY US",40.77944,-73.88035,3.4
2018-10-06,TAVG,GHCND:USW00014732,"H,,S,",18.7,TAVG,"H,,S,",18.7,2018-10-06,"LAGUARDIA AIRPORT, NY US",40.77944,-73.88035,3.4
2018-10-06,TAVG,GHCND:USW00014732,"H,,S,",18.7,TMAX,",,W,2400",21.1,2018-10-06,"LAGUARDIA AIRPORT, NY US",40.77944,-73.88035,3.4
2018-10-06,TAVG,GHCND:USW00014732,"H,,S,",18.7,TMIN,",,W,2400",17.8,2018-10-06,"LAGUARDIA AIRPORT, NY US",40.77944,-73.88035,3.4
2018-10-06,TAVG,GHCND:USW00014732,"H,,S,",18.7,WDF2,",,W,",160.0,2018-10-06,"LAGUARDIA AIRPORT, NY US",40.77944,-73.88035,3.4
2018-10-06,TAVG,GHCND:USW00014732,"H,,S,",18.7,WDF5,",,W,",150.0,2018-10-06,"LAGUARDIA AIRPORT, NY US",40.77944,-73.88035,3.4
2018-10-06,TAVG,GHCND:USW00014732,"H,,S,",18.7,WSF2,",,W,",6.7,2018-10-06,"LAGUARDIA AIRPORT, NY US",40.77944,-73.88035,3.4
2018-10-06,TAVG,GHCND:USW00014732,"H,,S,",18.7,WSF5,",,W,",8.1,2018-10-06,"LAGUARDIA AIRPORT, NY US",40.77944,-73.88035,3.4
2018-10-06,TMAX,GHCND:USW00014732,",,W,2400",21.1,AWND,",,W,",3.6,2018-10-06,"LAGUARDIA AIRPORT, NY US",40.77944,-73.88035,3.4
2018-10-06,TMAX,GHCND:USW00014732,",,W,2400",21.1,PRCP,"T,,W,2400",0.0,2018-10-06,"LAGUARDIA AIRPORT, NY US",40.77944,-73.88035,3.4
2018-10-06,TMAX,GHCND:USW00014732,",,W,2400",21.1,SNOW,",,W,",0.0,2018-10-06,"LAGUARDIA AIRPORT, NY US",40.77944,-73.88035,3.4
2018-10-06,TMAX,GHCND:USW00014732,",,W,2400",21.1,SNWD,",,W,2400",0.0,2018-10-06,"LAGUARDIA AIRPORT, NY US",40.77944,-73.88035,3.4
2018-10-06,TMAX,GHCND:USW00014732,",,W,2400",21.1,TAVG,"H,,S,",18.7,2018-10-06,"LAGUARDIA AIRPORT, NY US",40.77944,-73.88035,3.4
2018-10-06,TMAX,GHCND:USW00014732,",,W,2400",21.1,TMAX,",,W,2400",21.1,2018-10-06,"LAGUARDIA AIRPORT, NY US",40.77944,-73.88035,3.4
2018-10-06,TMAX,GHCND:USW00014732,",,W,2400",21.1,TMIN,",,W,2400",17.8,2018-10-06,"LAGUARDIA AIRPORT, NY US",40.77944,-73.88035,3.4
2018-10-06,TMAX,GHCND:USW00014732,",,W,2400",21.1,WDF2,",,W,",160.0,2018-10-06,"LAGUARDIA AIRPORT, NY US",40.77944,-73.88035,3.4
2018-10-06,TMAX,GHCND:USW00014732,",,W,2400",21.1,WDF5,",,W,",150.0,2018-10-06,"LAGUARDIA AIRPORT, NY US",40.77944,-73.88035,3.4
2018-10-06,TMAX,GHCND:USW00014732,",,W,2400",21.1,WSF2,",,W,",6.7,2018-10-06,"LAGUARDIA AIRPORT, NY US",40.77944,-73.88035,3.4
2018-10-06,TMAX,GHCND:USW00014732,",,W,2400",21.1,WSF5,",,W,",8.1,2018-10-06,"LAGUARDIA AIRPORT, NY US",40.77944,-73.88035,3.4
2018-10-06,TMIN,GHCND:USW00014732,",,W,2400",17.8,AWND,",,W,",3.6,2018-10-06,"LAGUARDIA AIRPORT, NY US",40.77944,-73.88035,3.4
2018-10-06,TMIN,GHCND:USW00014732,",,W,2400",17.8,PRCP,"T,,W,2400",0.0,2018-10-06,"LAGUARDIA AIRPORT, NY US",40.77944,-73.88035,3.4
2018-10-06,TMIN,GHCND:USW00014732,",,W,2400",17.8,SNOW,",,W,",0.0,2018-10-06,"LAGUARDIA AIRPORT, NY US",40.77944,-73.88035,3.4
2018-10-06,TMIN,GHCND:USW00014732,",,W,2400",17.8,SNWD,",,W,2400",0.0,2018-10-06,"LAGUARDIA AIRPORT, NY US",40.77944,-73.88035,3.4
2018-10-06,TMIN,GHCND:USW00014732,",,W,2400",17.8,TAVG,"H,,S,",18.7,2018-10-06,"LAGUARDIA AIRPORT, NY US",40.77944,-73.88035,3.4
2018-10-06,TMIN,GHCND:USW00014732,",,W,2400",17.8,TMAX,",,W,2400",21.1,2018-10-06,"LAGUARDIA AIRPORT, NY US",40.77944,-73.88035,3.4
2018-10-06,TMIN,GHCND:USW00014732,",,W,2400",17.8,TMIN,",,W,2400",17.8,2018-10-06,"LAGUARDIA AIRPORT, NY US",40.77944,-73.88035,3.4
2018-10-06,TMIN,GHCND:USW00014732,",,W,2400",17.8,WDF2,",,W,",160.0,2018-10-06,"LAGUARDIA AIRPORT, NY US",40.77944,-73.88035,3.4
2018-10-06,TMIN,GHCND:USW00014732,",,W,2400",17.8,WDF5,",,W,",150.0,2018-10-06,"LAGUARDIA AIRPORT, NY US",40.77944,-73.88035,3.4
2018-10-06,TMIN,GHCND:USW00014732,",,W,2400",17.8,WSF2,",,W,",6.7,2018-10-06,"LAGUARDIA AIRPORT, NY US",40.77944,-73.88035,3.4
2018-10-06,TMIN,GHCND:USW00014732,",,W,2400",17.8,WSF5,",,W,",8.1,2018-10-06,"LAGUARDIA AIRPORT, NY US",40.77944,-73.88035,3.4
2018-10-07,TAVG,GHCND:USW00014732,"H,,S,",22.8,AWND,",,W,",2.3,2018-10-07,"LAGUARDIA AIRPORT, NY US",40.77944,-73.88035,3.4
2018-10-07,TAVG,GHCND:USW00014732,"H,,S,",22.8,PRCP,"T,,W,2400",0.0,2018-10-07,"LAGUARDIA AIRPORT, NY US",40.77944,-73.88035,3.4
2018-10-07,TAVG,GHCND:USW00014732,"H,,S,",22.8,SNOW,",,W,",0.0,2018-10-07,"LAGUARDIA AIRPORT, NY US",40.77944,-73.88035,3.4
2018-10-07,TAVG,GHCND:USW00014732,"H,,S,",22.8,SNWD,",,W,2400",0.0,2018-10-07,"LAGUARDIA AIRPORT, NY US",40.77944,-73.88035,3.4
2018-10-07,TAVG,GHCND:USW00014732,"H,,S,",22.8,TAVG,"H,,S,",22.8,2018-10-07,"LAGUARDIA AIRPORT, NY US",40.77944,-73.88035,3.4
2018-10-07,TAVG,GHCND:USW00014732,"H,,S,",22.8,TMAX,",,W,2400",27.8,2018-10-07,"LAGUARDIA AIRPORT, NY US",40.77944,-73.88035,3.4
2018-10-07,TAVG,GHCND:USW00014732,"H,,S,",22.8,TMIN,",,W,2400",21.1,2018-10-07,"LAGUARDIA AIRPORT, NY US",40.77944,-73.88035,3.4
2018-10-07,TAVG,GHCND:USW00014732,"H,,S,",22.8,WDF2,",,W,",220.0,2018-10-07,"LAGUARDIA AIRPORT, NY US",40.77944,-73.88035,3.4
2018-10-07,TAVG,GHCND:USW00014732,"H,,S,",22.8,WDF5,",,W,",240.0,2018-10-07,"LAGUARDIA AIRPORT, NY US",40.77944,-73.88035,3.4
2018-10-07,TAVG,GHCND:USW00014732,"H,,S,",22.8,WSF2,",,W,",5.8,2018-10-07,"LAGUARDIA AIRPORT, NY US",40.77944,-73.88035,3.4
2018-10-07,TAVG,GHCND:USW00014732,"H,,S,",22.8,WSF5,",,W,",7.6,2018-10-07,"LAGUARDIA AIRPORT, NY US",40.77944,-73.88035,3.4
2018-10-07,TMAX,GHCND:USW00014732,",,W,2400",27.8,AWND,",,W,",2.3,2018-10-07,"LAGUARDIA AIRPORT, NY US",40.77944,-73.88035,3.4
2018-10-07,TMAX,GHCND:USW00014732,",,W,2400",27.8,PRCP,"T,,W,2400",0.0,2018-10-07,"LAGUARDIA AIRPORT, NY US",40.77944,-73.88035,3.4
2018-10-07,TMAX,GHCND:USW00014732,",,W,2400",27.8,SNOW,",,W,",0.0,2018-10-07,"LAGUARDIA AIRPORT, NY US",40.77944,-73.88035,3.4
2018-10-07,TMAX,GHCND:USW00014732,",,W,2400",27.8,SNWD,",,W,2400",0.0,2018-10-07,"LAGUARDIA AIRPORT, NY US",40.77944,-73.88035,3.4
2018-10-07,TMAX,GHCND:USW00014732,",,W,2400",27.8,TAVG,"H,,S,",22.8,2018-10-07,"LAGUARDIA AIRPORT, NY US",40.77944,-73.88035,3.4
2018-10-07,TMAX,GHCND:USW00014732,",,W,2400",27.8,TMAX,",,W,2400",27.8,2018-10-07,"LAGUARDIA AIRPORT, NY US",40.77944,-73.88035,3.4
2018-10-07,TMAX,GHCND:USW00014732,",,W,2400",27.8,TMIN,",,W,2400",21.1,2018-10-07,"LAGUARDIA AIRPORT, NY US",40.77944,-73.88035,3.4
2018-10-07,TMAX,GHCND:USW00014732,",,W,2400",27.8,WDF2,",,W,",220.0,2018-10-07,"LAGUARDIA AIRPORT, NY US",40.77944,-73.88035,3.4
2018-10-07,TMAX,GHCND:USW00014732,",,W,2400",27.8,WDF5,",,W,",240.0,2018-10-07,"LAGUARDIA AIRPORT, NY US",40.77944,-73.88035,3.4
2018-10-07,TMAX,GHCND:USW00014732,",,W,2400",27.8,WSF2,",,W,",5.8,2018-10-07,"LAGUARDIA AIRPORT, NY US",40.77944,-73.88035,3.4
2018-10-07,TMAX,GHCND:USW00014732,",,W,2400",27.8,WSF5,",,W,",7.6,2018-10-07,"LAGUARDIA AIRPORT, NY US",40.77944,-73.88035,3.4
2018-10-07,TMIN,GHCND:USW00014732,",,W,2400",21.1,AWND,",,W,",2.3,2018-10-07,"LAGUARDIA AIRPORT, NY US",40.77944,-73.88035,3.4
2018-10-07,TMIN,GHCND:USW00014732,",,W,2400",21.1,PRCP,"T,,W,2400",0.0,2018-10-07,"LAGUARDIA AIRPORT, NY US",40.77944,-73.88035,3.4
2018-10-07,TMIN,GHCND:USW00014732,",,W,2400",21.1,SNOW,",,W,",0.0,2018-10-07,"LAGUARDIA AIRPORT, NY US",40.77944,-73.88035,3.4
2018-10-07,TMIN,GHCND:USW00014732,",,W,2400",21.1,SNWD,",,W,2400",0.0,2018-10-07,"LAGUARDIA AIRPORT, NY US",40.77944,-73.88035,3.4
2018-10-07,TMIN,GHCND:USW00014732,",,W,2400",21.1,TAVG,"H,,S,",22.8,2018-10-07,"LAGUARDIA AIRPORT, NY US",40.77944,-73.88035,3.4
2018-10-07,TMIN,GHCND:USW00014732,",,W,2400",21.1,TMAX,",,W,2400",27.8,2018-10-07,"LAGUARDIA AIRPORT, NY US",40.77944,-73.88035,3.4
2018-10-07,TMIN,GHCND:USW00014732,",,W,2400",21.1,TMIN,",,W,2400",21.1,2018-10-07,"LAGUARDIA AIRPORT, NY US",40.77944,-73.88035,3.4
2018-10-07,TMIN,GHCND:USW00014732,",,W,2400",21.1,WDF2,",,W,",220.0,2018-10-07,"LAGUARDIA AIRPORT, NY US",40.77944,-73.88035,3.4
2018-10-07,TMIN,GHCND:USW00014732,",,W,2400",21.1,WDF5,",,W,",240.0,2018-10-07,"LAGUARDIA AIRPORT, NY US",40.77944,-73.88035,3.4
2018-10-07,TMIN,GHCND:USW00014732,",,W,2400",21.1,WSF2,",,W,",5.8,2018-10-07,"LAGUARDIA AIRPORT, NY US",40.77944,-73.88035,3.4
2018-10-07,TMIN,GHCND:USW00014732,",,W,2400",21.1,WSF5,",,W,",7.6,2018-10-07,"LAGUARDIA AIRPORT, NY US",40.77944,-73.88035,3.4
2018-10-08,TAVG,GHCND:USW00014732,"H,,S,",20.9,AWND,",,W,",4.5,2018-10-08,"LAGUARDIA AIRPORT, NY US",40.77944,-73.88035,3.4
2018-10-08,TAVG,GHCND:USW00014732,"H,,S,",20.9,PRCP,"T,,W,2400",0.0,2018-10-08,"LAGUARDIA AIRPORT, NY US",40.77944,-73.88035,3.4
2018-10-08,TAVG,GHCND:USW00014732,"H,,S,",20.9,SNOW,",,W,",0.0,2018-10-08,"LAGUARDIA AIRPORT, NY US",40.77944,-73.88035,3.4
2018-10-08,TAVG,GHCND:USW00014732,"H,,S,",20.9,SNWD,",,W,2400",0.0,2018-10-08,"LAGUARDIA AIRPORT, NY US",40.77944,-73.88035,3.4
2018-10-08,TAVG,GHCND:USW00014732,"H,,S,",20.9,TAVG,"H,,S,",20.9,2018-10-08,"LAGUARDIA AIRPORT, NY US",40.77944,-73.88035,3.4
2018-10-08,TAVG,GHCND:USW00014732,"H,,S,",20.9,TMAX,",,W,2400",22.8,2018-10-08,"LAGUARDIA AIRPORT, NY US",40.77944,-73.88035,3.4
2018-10-08,TAVG,GHCND:USW00014732,"H,,S,",20.9,TMIN,",,W,2400",18.3,2018-10-08,"LAGUARDIA AIRPORT, NY US",40.77944,-73.88035,3.4
2018-10-08,TAVG,GHCND:USW00014732,"H,,S,",20.9,WDF2,",,W,",90.0,2018-10-08,"LAGUARDIA AIRPORT, NY US",40.77944,-73.88035,3.4
2018-10-08,TAVG,GHCND:USW00014732,"H,,S,",20.9,WDF5,",,W,",90.0,2018-10-08,"LAGUARDIA AIRPORT, NY US",40.77944,-73.88035,3.4
2018-10-08,TAVG,GHCND:USW00014732,"H,,S,",20.9,WSF2,",,W,",7.2,2018-10-08,"LAGUARDIA AIRPORT, NY US",40.77944,-73.88035,3.4
2018-10-08,TAVG,GHCND:USW00014732,"H,,S,",20.9,WSF5,",,W,",8.5,2018-10-08,"LAGUARDIA AIRPORT, NY US",40.77944,-73.88035,3.4
2018-10-08,TAVG,GHCND:USW00014732,"H,,S,",20.9,WT01,",,W,",1.0,2018-10-08,"LAGUARDIA AIRPORT, NY US",40.77944,-73.88035,3.4
2018-10-08,TAVG,GHCND:USW00014732,"H,,S,",20.9,WT08,",,W,",1.0,2018-10-08,"LAGUARDIA AIRPORT, NY US",40.77944,-73.88035,3.4
2018-10-08,TMAX,GHCND:USW00014732,",,W,2400",22.8,AWND,",,W,",4.5,2018-10-08,"LAGUARDIA AIRPORT, NY US",40.77944,-73.88035,3.4
2018-10-08,TMAX,GHCND:USW00014732,",,W,2400",22.8,PRCP,"T,,W,2400",0.0,2018-10-08,"LAGUARDIA AIRPORT, NY US",40.77944,-73.88035,3.4
2018-10-08,TMAX,GHCND:USW00014732,",,W,2400",22.8,SNOW,",,W,",0.0,2018-10-08,"LAGUARDIA AIRPORT, NY US",40.77944,-73.88035,3.4
2018-10-08,TMAX,GHCND:USW00014732,",,W,2400",22.8,SNWD,",,W,2400",0.0,2018-10-08,"LAGUARDIA AIRPORT, NY US",40.77944,-73.88035,3.4
2018-10-08,TMAX,GHCND:USW00014732,",,W,2400",22.8,TAVG,"H,,S,",20.9,2018-10-08,"LAGUARDIA AIRPORT, NY US",40.77944,-73.88035,3.4
2018-10-08,TMAX,GHCND:USW00014732,",,W,2400",22.8,TMAX,",,W,2400",22.8,2018-10-08,"LAGUARDIA AIRPORT, NY US",40.77944,-73.88035,3.4
2018-10-08,TMAX,GHCND:USW00014732,",,W,2400",22.8,TMIN,",,W,2400",18.3,2018-10-08,"LAGUARDIA AIRPORT, NY US",40.77944,-73.88035,3.4
2018-10-08,TMAX,GHCND:USW00014732,",,W,2400",22.8,WDF2,",,W,",90.0,2018-10-08,"LAGUARDIA AIRPORT, NY US",40.77944,-73.88035,3.4
2018-10-08,TMAX,GHCND:USW00014732,",,W,2400",22.8,WDF5,",,W,",90.0,2018-10-08,"LAGUARDIA AIRPORT, NY US",40.77944,-73.88035,3.4
2018-10-08,TMAX,GHCND:USW00014732,",,W,2400",22.8,WSF2,",,W,",7.2,2018-10-08,"LAGUARDIA AIRPORT, NY US",40.77944,-73.88035,3.4
2018-10-08,TMAX,GHCND:USW00014732,",,W,2400",22.8,WSF5,",,W,",8.5,2018-10-08,"LAGUARDIA AIRPORT, NY US",40.77944,-73.88035,3.4
2018-10-08,TMAX,GHCND:USW00014732,",,W,2400",22.8,WT01,",,W,",1.0,2018-10-08,"LAGUARDIA AIRPORT, NY US",40.77944,-73.88035,3.4
2018-10-08,TMAX,GHCND:USW00014732,",,W,2400",22.8,WT08,",,W,",1.0,2018-10-08,"LAGUARDIA AIRPORT, NY US",40.77944,-73.88035,3.4
2018-10-08,TMIN,GHCND:USW00014732,",,W,2400",18.3,AWND,",,W,",4.5,2018-10-08,"LAGUARDIA AIRPORT, NY US",40.77944,-73.88035,3.4
2018-10-08,TMIN,GHCND:USW00014732,",,W,2400",18.3,PRCP,"T,,W,2400",0.0,2018-10-08,"LAGUARDIA AIRPORT, NY US",40.77944,-73.88035,3.4
2018-10-08,TMIN,GHCND:USW00014732,",,W,2400",18.3,SNOW,",,W,",0.0,2018-10-08,"LAGUARDIA AIRPORT, NY US",40.77944,-73.88035,3.4
2018-10-08,TMIN,GHCND:USW00014732,",,W,2400",18.3,SNWD,",,W,2400",0.0,2018-10-08,"LAGUARDIA AIRPORT, NY US",40.77944,-73.88035,3.4
2018-10-08,TMIN,GHCND:USW00014732,",,W,2400",18.3,TAVG,"H,,S,",20.9,2018-10-08,"LAGUARDIA AIRPORT, NY US",40.77944,-73.88035,3.4
2018-10-08,TMIN,GHCND:USW00014732,",,W,2400",18.3,TMAX,",,W,2400",22.8,2018-10-08,"LAGUARDIA AIRPORT, NY US",40.77944,-73.88035,3.4
2018-10-08,TMIN,GHCND:USW00014732,",,W,2400",18.3,TMIN,",,W,2400",18.3,2018-10-08,"LAGUARDIA AIRPORT, NY US",40.77944,-73.88035,3.4
2018-10-08,TMIN,GHCND:USW00014732,",,W,2400",18.3,WDF2,",,W,",90.0,2018-10-08,"LAGUARDIA AIRPORT, NY US",40.77944,-73.88035,3.4
2018-10-08,TMIN,GHCND:USW00014732,",,W,2400",18.3,WDF5,",,W,",90.0,2018-10-08,"LAGUARDIA AIRPORT, NY US",40.77944,-73.88035,3.4
2018-10-08,TMIN,GHCND:USW00014732,",,W,2400",18.3,WSF2,",,W,",7.2,2018-10-08,"LAGUARDIA AIRPORT, NY US",40.77944,-73.88035,3.4
2018-10-08,TMIN,GHCND:USW00014732,",,W,2400",18.3,WSF5,",,W,",8.5,2018-10-08,"LAGUARDIA AIRPORT, NY US",40.77944,-73.88035,3.4
2018-10-08,TMIN,GHCND:USW00014732,",,W,2400",18.3,WT01,",,W,",1.0,2018-10-08,"LAGUARDIA AIRPORT, NY US",40.77944,-73.88035,3.4
2018-10-08,TMIN,GHCND:USW00014732,",,W,2400",18.3,WT08,",,W,",1.0,2018-10-08,"LAGUARDIA AIRPORT, NY US",40.77944,-73.88035,3.4
2018-10-09,TAVG,GHCND:USW00014732,"H,,S,",21.8,AWND,",,W,",3.3,2018-10-09,"LAGUARDIA AIRPORT, NY US",40.77944,-73.88035,3.4
2018-10-09,TAVG,GHCND:USW00014732,"H,,S,",21.8,PRCP,",,W,2400",0.0,2018-10-09,"LAGUARDIA AIRPORT, NY US",40.77944,-73.88035,3.4
2018-10-09,TAVG,GHCND:USW00014732,"H,,S,",21.8,SNOW,",,W,",0.0,2018-10-09,"LAGUARDIA AIRPORT, NY US",40.77944,-73.88035,3.4
2018-10-09,TAVG,GHCND:USW00014732,"H,,S,",21.8,SNWD,",,W,2400",0.0,2018-10-09,"LAGUARDIA AIRPORT, NY US",40.77944,-73.88035,3.4
2018-10-09,TAVG,GHCND:USW00014732,"H,,S,",21.8,TAVG,"H,,S,",21.8,2018-10-09,"LAGUARDIA AIRPORT, NY US",40.77944,-73.88035,3.4
2018-10-09,TAVG,GHCND:USW00014732,"H,,S,",21.8,TMAX,",,W,2400",25.6,2018-10-09,"LAGUARDIA AIRPORT, NY US",40.77944,-73.88035,3.4
2018-10-09,TAVG,GHCND:USW00014732,"H,,S,",21.8,TMIN,",,W,2400",19.4,2018-10-09,"LAGUARDIA AIRPORT, NY US",40.77944,-73.88035,3.4
2018-10-09,TAVG,GHCND:USW00014732,"H,,S,",21.8,WDF2,",,W,",180.0,2018-10-09,"LAGUARDIA AIRPORT, NY US",40.77944,-73.88035,3.4
2018-10-09,TAVG,GHCND:USW00014732,"H,,S,",21.8,WDF5,",,W,",180.0,2018-10-09,"LAGUARDIA AIRPORT, NY US",40.77944,-73.88035,3.4
2018-10-09,TAVG,GHCND:USW00014732,"H,,S,",21.8,WSF2,",,W,",6.7,2018-10-09,"LAGUARDIA AIRPORT, NY US",40.77944,-73.88035,3.4
2018-10-09,TAVG,GHCND:USW00014732,"H,,S,",21.8,WSF5,",,W,",7.6,2018-10-09,"LAGUARDIA AIRPORT, NY US",40.77944,-73.88035,3.4
2018-10-09,TMAX,GHCND:USW00014732,",,W,2400",25.6,AWND,",,W,",3.3,2018-10-09,"LAGUARDIA AIRPORT, NY US",40.77944,-73.88035,3.4
2018-10-09,TMAX,GHCND:USW00014732,",,W,2400",25.6,PRCP,",,W,2400",0.0,2018-10-09,"LAGUARDIA AIRPORT, NY US",40.77944,-73.88035,3.4
2018-10-09,TMAX,GHCND:USW00014732,",,W,2400",25.6,SNOW,",,W,",0.0,2018-10-09,"LAGUARDIA AIRPORT, NY US",40.77944,-73.88035,3.4
2018-10-09,TMAX,GHCND:USW00014732,",,W,2400",25.6,SNWD,",,W,2400",0.0,2018-10-09,"LAGUARDIA AIRPORT, NY US",40.77944,-73.88035,3.4
2018-10-09,TMAX,GHCND:USW00014732,",,W,2400",25.6,TAVG,"H,,S,",21.8,2018-10-09,"LAGUARDIA AIRPORT, NY US",40.77944,-73.88035,3.4
2018-10-09,TMAX,GHCND:USW00014732,",,W,2400",25.6,TMAX,",,W,2400",25.6,2018-10-09,"LAGUARDIA AIRPORT, NY US",40.77944,-73.88035,3.4
2018-10-09,TMAX,GHCND:USW00014732,",,W,2400",25.6,TMIN,",,W,2400",19.4,2018-10-09,"LAGUARDIA AIRPORT, NY US",40.77944,-73.88035,3.4
2018-10-09,TMAX,GHCND:USW00014732,",,W,2400",25.6,WDF2,",,W,",180.0,2018-10-09,"LAGUARDIA AIRPORT, NY US",40.77944,-73.88035,3.4
2018-10-09,TMAX,GHCND:USW00014732,",,W,2400",25.6,WDF5,",,W,",180.0,2018-10-09,"LAGUARDIA AIRPORT, NY US",40.77944,-73.88035,3.4
2018-10-09,TMAX,GHCND:USW00014732,",,W,2400",25.6,WSF2,",,W,",6.7,2018-10-09,"LAGUARDIA AIRPORT, NY US",40.77944,-73.88035,3.4
2018-10-09,TMAX,GHCND:USW00014732,",,W,2400",25.6,WSF5,",,W,",7.6,2018-10-09,"LAGUARDIA AIRPORT, NY US",40.77944,-73.88035,3.4
2018-10-09,TMIN,GHCND:USW00014732,",,W,2400",19.4,AWND,",,W,",3.3,2018-10-09,"LAGUARDIA AIRPORT, NY US",40.77944,-73.88035,3.4
2018-10-09,TMIN,GHCND:USW00014732,",,W,2400",19.4,PRCP,",,W,2400",0.0,2018-10-09,"LAGUARDIA AIRPORT, NY US",40.77944,-73.88035,3.4
2018-10-09,TMIN,GHCND:USW00014732,",,W,2400",19.4,SNOW,",,W,",0.0,2018-10-09,"LAGUARDIA AIRPORT, NY US",40.77944,-73.88035,3.4
2018-10-09,TMIN,GHCND:USW00014732,",,W,2400",19.4,SNWD,",,W,2400",0.0,2018-10-09,"LAGUARDIA AIRPORT, NY US",40.77944,-73.88035,3.4
2018-10-09,TMIN,GHCND:USW00014732,",,W,2400",19.4,TAVG,"H,,S,",21.8,2018-10-09,"LAGUARDIA AIRPORT, NY US",40.77944,-73.88035,3.4
2018-10-09,TMIN,GHCND:USW00014732,",,W,2400",19.4,TMAX,",,W,2400",25.6,2018-10-09,"LAGUARDIA AIRPORT, NY US",40.77944,-73.88035,3.4
2018-10-09,TMIN,GHCND:USW00014732,",,W,2400",19.4,TMIN,",,W,2400",19.4,2018-10-09,"LAGUARDIA AIRPORT, NY US",40.77944,-73.88035,3.4
2018-10-09,TMIN,GHCND:USW00014732,",,W,2400",19.4,WDF2,",,W,",180.0,2018-10-09,"LAGUARDIA AIRPORT, NY US",40.77944,-73.88035,3.4
2018-10-09,TMIN,GHCND:USW00014732,",,W,2400",19.4,WDF5,",,W,",180.0,2018-10-09,"LAGUARDIA AIRPORT, NY US",40.77944,-73.88035,3.4
2018-10-09,TMIN,GHCND:USW00014732,",,W,2400",19.4,WSF2,",,W,",6.7,2018-10-09,"LAGUARDIA AIRPORT, NY US",40.77944,-73.88035,3.4
2018-10-09,TMIN,GHCND:USW00014732,",,W,2400",19.4,WSF5,",,W,",7.6,2018-10-09,"LAGUARDIA AIRPORT, NY US",40.77944,-73.88035,3.4
2018-10-10,TAVG,GHCND:USW00014732,"H,,S,",23.8,AWND,",,W,",3.5,2018-10-10,"LAGUARDIA AIRPORT, NY US",40.77944,-73.88035,3.4
2018-10-10,TAVG,GHCND:USW00014732,"H,,S,",23.8,PRCP,",,W,2400",0.0,2018-10-10,"LAGUARDIA AIRPORT, NY US",40.77944,-73.88035,3.4
2018-10-10,TAVG,GHCND:USW00014732,"H,,S,",23.8,SNOW,",,W,",0.0,2018-10-10,"LAGUARDIA AIRPORT, NY US",40.77944,-73.88035,3.4
2018-10-10,TAVG,GHCND:USW00014732,"H,,S,",23.8,SNWD,",,W,2400",0.0,2018-10-10,"LAGUARDIA AIRPORT, NY US",40.77944,-73.88035,3.4
2018-10-10,TAVG,GHCND:USW00014732,"H,,S,",23.8,TAVG,"H,,S,",23.8,2018-10-10,"LAGUARDIA AIRPORT, NY US",40.77944,-73.88035,3.4
2018-10-10,TAVG,GHCND:USW00014732,"H,,S,",23.8,TMAX,",,W,2400",27.8,2018-10-10,"LAGUARDIA AIRPORT, NY US",40.77944,-73.88035,3.4
2018-10-10,TAVG,GHCND:USW00014732,"H,,S,",23.8,TMIN,",,W,2400",21.7,2018-10-10,"LAGUARDIA AIRPORT, NY US",40.77944,-73.88035,3.4
2018-10-10,TAVG,GHCND:USW00014732,"H,,S,",23.8,WDF2,",,W,",170.0,2018-10-10,"LAGUARDIA AIRPORT, NY US",40.77944,-73.88035,3.4
2018-10-10,TAVG,GHCND:USW00014732,"H,,S,",23.8,WDF5,",,W,",170.0,2018-10-10,"LAGUARDIA AIRPORT, NY US",40.77944,-73.88035,3.4
2018-10-10,TAVG,GHCND:USW00014732,"H,,S,",23.8,WSF2,",,W,",7.2,2018-10-10,"LAGUARDIA AIRPORT, NY US",40.77944,-73.88035,3.4
2018-10-10,TAVG,GHCND:USW00014732,"H,,S,",23.8,WSF5,",,W,",8.9,2018-10-10,"LAGUARDIA AIRPORT, NY US",40.77944,-73.88035,3.4
2018-10-10,TAVG,GHCND:USW00014732,"H,,S,",23.8,WT01,",,W,",1.0,2018-10-10,"LAGUARDIA AIRPORT, NY US",40.77944,-73.88035,3.4
2018-10-10,TMAX,GHCND:USW00014732,",,W,2400",27.8,AWND,",,W,",3.5,2018-10-10,"LAGUARDIA AIRPORT, NY US",40.77944,-73.88035,3.4
2018-10-10,TMAX,GHCND:USW00014732,",,W,2400",27.8,PRCP,",,W,2400",0.0,2018-10-10,"LAGUARDIA AIRPORT, NY US",40.77944,-73.88035,3.4
2018-10-10,TMAX,GHCND:USW00014732,",,W,2400",27.8,SNOW,",,W,",0.0,2018-10-10,"LAGUARDIA AIRPORT, NY US",40.77944,-73.88035,3.4
2018-10-10,TMAX,GHCND:USW00014732,",,W,2400",27.8,SNWD,",,W,2400",0.0,2018-10-10,"LAGUARDIA AIRPORT, NY US",40.77944,-73.88035,3.4
2018-10-10,TMAX,GHCND:USW00014732,",,W,2400",27.8,TAVG,"H,,S,",23.8,2018-10-10,"LAGUARDIA AIRPORT, NY US",40.77944,-73.88035,3.4
2018-10-10,TMAX,GHCND:USW00014732,",,W,2400",27.8,TMAX,",,W,2400",27.8,2018-10-10,"LAGUARDIA AIRPORT, NY US",40.77944,-73.88035,3.4
2018-10-10,TMAX,GHCND:USW00014732,",,W,2400",27.8,TMIN,",,W,2400",21.7,2018-10-10,"LAGUARDIA AIRPORT, NY US",40.77944,-73.88035,3.4
2018-10-10,TMAX,GHCND:USW00014732,",,W,2400",27.8,WDF2,",,W,",170.0,2018-10-10,"LAGUARDIA AIRPORT, NY US",40.77944,-73.88035,3.4
2018-10-10,TMAX,GHCND:USW00014732,",,W,2400",27.8,WDF5,",,W,",170.0,2018-10-10,"LAGUARDIA AIRPORT, NY US",40.77944,-73.88035,3.4
2018-10-10,TMAX,GHCND:USW00014732,",,W,2400",27.8,WSF2,",,W,",7.2,2018-10-10,"LAGUARDIA AIRPORT, NY US",40.77944,-73.88035,3.4
2018-10-10,TMAX,GHCND:USW00014732,",,W,2400",27.8,WSF5,",,W,",8.9,2018-10-10,"LAGUARDIA AIRPORT, NY US",40.77944,-73.88035,3.4
2018-10-10,TMAX,GHCND:USW00014732,",,W,2400",27.8,WT01,",,W,",1.0,2018-10-10,"LAGUARDIA AIRPORT, NY US",40.77944,-73.88035,3.4
2018-10-10,TMIN,GHCND:USW00014732,",,W,2400",21.7,AWND,",,W,",3.5,2018-10-10,"LAGUARDIA AIRPORT, NY US",40.77944,-73.88035,3.4
2018-10-10,TMIN,GHCND:USW00014732,",,W,2400",21.7,PRCP,",,W,2400",0.0,2018-10-10,"LAGUARDIA AIRPORT, NY US",40.77944,-73.88035,3.4
2018-10-10,TMIN,GHCND:USW00014732,",,W,2400",21.7,SNOW,",,W,",0.0,2018-10-10,"LAGUARDIA AIRPORT, NY US",40.77944,-73.88035,3.4
2018-10-10,TMIN,GHCND:USW00014732,",,W,2400",21.7,SNWD,",,W,2400",0.0,2018-10-10,"LAGUARDIA AIRPORT, NY US",40.77944,-73.88035,3.4
2018-10-10,TMIN,GHCND:USW00014732,",,W,2400",21.7,TAVG,"H,,S,",23.8,2018-10-10,"LAGUARDIA AIRPORT, NY US",40.77944,-73.88035,3.4
2018-10-10,TMIN,GHCND:USW00014732,",,W,2400",21.7,TMAX,",,W,2400",27.8,2018-10-10,"LAGUARDIA AIRPORT, NY US",40.77944,-73.88035,3.4
2018-10-10,TMIN,GHCND:USW00014732,",,W,2400",21.7,TMIN,",,W,2400",21.7,2018-10-10,"LAGUARDIA AIRPORT, NY US",40.77944,-73.88035,3.4
2018-10-10,TMIN,GHCND:USW00014732,",,W,2400",21.7,WDF2,",,W,",170.0,2018-10-10,"LAGUARDIA AIRPORT, NY US",40.77944,-73.88035,3.4
2018-10-10,TMIN,GHCND:USW00014732,",,W,2400",21.7,WDF5,",,W,",170.0,2018-10-10,"LAGUARDIA AIRPORT, NY US",40.77944,-73.88035,3.4
2018-10-10,TMIN,GHCND:USW00014732,",,W,2400",21.7,WSF2,",,W,",7.2,2018-10-10,"LAGUARDIA AIRPORT, NY US",40.77944,-73.88035,3.4
2018-10-10,TMIN,GHCND:USW00014732,",,W,2400",21.7,WSF5,",,W,",8.9,2018-10-10,"LAGUARDIA AIRPORT, NY US",40.77944,-73.88035,3.4
2018-10-10,TMIN,GHCND:USW00014732,",,W,2400",21.7,WT01,",,W,",1.0,2018-10-10,"LAGUARDIA AIRPORT, NY US",40.77944,-73.88035,3.4
2018-10-11,TAVG,GHCND:USW00014732,"H,,S,",23.4,AWND,",,W,",3.6,2018-10-11,"LAGUARDIA AIRPORT, NY US",40.77944,-73.88035,3.4
2018-10-11,TAVG,GHCND:USW00014732,"H,,S,",23.4,PRCP,",,W,2400",16.0,2018-10-11,"LAGUARDIA AIRPORT, NY US",40.77944,-73.88035,3.4
2018-10-11,TAVG,GHCND:USW00014732,"H,,S,",23.4,SNOW,",,W,",0.0,2018-10-11,"LAGUARDIA AIRPORT, NY US",40.77944,-73.88035,3.4
2018-10-11,TAVG,GHCND:USW00014732,"H,,S,",23.4,SNWD,",,W,2400",0.0,2018-10-11,"LAGUARDIA AIRPORT, NY US",40.77944,-73.88035,3.4
2018-10-11,TAVG,GHCND:USW00014732,"H,,S,",23.4,TAVG,"H,,S,",23.4,2018-10-11,"LAGUARDIA AIRPORT, NY US",40.77944,-73.88035,3.4
2018-10-11,TAVG,GHCND:USW00014732,"H,,S,",23.4,TMAX,",,W,2400",26.7,2018-10-11,"LAGUARDIA AIRPORT, NY US",40.77944,-73.88035,3.4
2018-10-11,TAVG,GHCND:USW00014732,"H,,S,",23.4,TMIN,",,W,2400",21.7,2018-10-11,"LAGUARDIA AIRPORT, NY US",40.77944,-73.88035,3.4
2018-10-11,TAVG,GHCND:USW00014732,"H,,S,",23.4,WDF2,",,W,",180.0,2018-10-11,"LAGUARDIA AIRPORT, NY US",40.77944,-73.88035,3.4
2018-10-11,TAVG,GHCND:USW00014732,"H,,S,",23.4,WDF5,",,W,",180.0,2018-10-11,"LAGUARDIA AIRPORT, NY US",40.77944,-73.88035,3.4
2018-10-11,TAVG,GHCND:USW00014732,"H,,S,",23.4,WSF2,",,W,",9.8,2018-10-11,"LAGUARDIA AIRPORT, NY US",40.77944,-73.88035,3.4
2018-10-11,TAVG,GHCND:USW00014732,"H,,S,",23.4,WSF5,",,W,",13.4,2018-10-11,"LAGUARDIA AIRPORT, NY US",40.77944,-73.88035,3.4
2018-10-11,TAVG,GHCND:USW00014732,"H,,S,",23.4,WT01,",,W,",1.0,2018-10-11,"LAGUARDIA AIRPORT, NY US",40.77944,-73.88035,3.4
2018-10-11,TAVG,GHCND:USW00014732,"H,,S,",23.4,WT03,",,W,",1.0,2018-10-11,"LAGUARDIA AIRPORT, NY US",40.77944,-73.88035,3.4
2018-10-11,TMAX,GHCND:USW00014732,",,W,2400",26.7,AWND,",,W,",3.6,2018-10-11,"LAGUARDIA AIRPORT, NY US",40.77944,-73.88035,3.4
2018-10-11,TMAX,GHCND:USW00014732,",,W,2400",26.7,PRCP,",,W,2400",16.0,2018-10-11,"LAGUARDIA AIRPORT, NY US",40.77944,-73.88035,3.4
2018-10-11,TMAX,GHCND:USW00014732,",,W,2400",26.7,SNOW,",,W,",0.0,2018-10-11,"LAGUARDIA AIRPORT, NY US",40.77944,-73.88035,3.4
2018-10-11,TMAX,GHCND:USW00014732,",,W,2400",26.7,SNWD,",,W,2400",0.0,2018-10-11,"LAGUARDIA AIRPORT, NY US",40.77944,-73.88035,3.4
2018-10-11,TMAX,GHCND:USW00014732,",,W,2400",26.7,TAVG,"H,,S,",23.4,2018-10-11,"LAGUARDIA AIRPORT, NY US",40.77944,-73.88035,3.4
2018-10-11,TMAX,GHCND:USW00014732,",,W,2400",26.7,TMAX,",,W,2400",26.7,2018-10-11,"LAGUARDIA AIRPORT, NY US",40.77944,-73.88035,3.4
2018-10-11,TMAX,GHCND:USW00014732,",,W,2400",26.7,TMIN,",,W,2400",21.7,2018-10-11,"LAGUARDIA AIRPORT, NY US",40.77944,-73.88035,3.4
2018-10-11,TMAX,GHCND:USW00014732,",,W,2400",26.7,WDF2,",,W,",180.0,2018-10-11,"LAGUARDIA AIRPORT, NY US",40.77944,-73.88035,3.4
2018-10-11,TMAX,GHCND:USW00014732,",,W,2400",26.7,WDF5,",,W,",180.0,2018-10-11,"LAGUARDIA AIRPORT, NY US",40.77944,-73.88035,3.4
2018-10-11,TMAX,GHCND:USW00014732,",,W,2400",26.7,WSF2,",,W,",9.8,2018-10-11,"LAGUARDIA AIRPORT, NY US",40.77944,-73.88035,3.4
2018-10-11,TMAX,GHCND:USW00014732,",,W,2400",26.7,WSF5,",,W,",13.4,2018-10-11,"LAGUARDIA AIRPORT, NY US",40.77944,-73.88035,3.4
2018-10-11,TMAX,GHCND:USW00014732,",,W,2400",26.7,WT01,",,W,",1.0,2018-10-11,"LAGUARDIA AIRPORT, NY US",40.77944,-73.88035,3.4
2018-10-11,TMAX,GHCND:USW00014732,",,W,2400",26.7,WT03,",,W,",1.0,2018-10-11,"LAGUARDIA AIRPORT, NY US",40.77944,-73.88035,3.4
2018-10-11,TMIN,GHCND:USW00014732,",,W,2400",21.7,AWND,",,W,",3.6,2018-10-11,"LAGUARDIA AIRPORT, NY US",40.77944,-73.88035,3.4
2018-10-11,TMIN,GHCND:USW00014732,",,W,2400",21.7,PRCP,",,W,2400",16.0,2018-10-11,"LAGUARDIA AIRPORT, NY US",40.77944,-73.88035,3.4
2018-10-11,TMIN,GHCND:USW00014732,",,W,2400",21.7,SNOW,",,W,",0.0,2018-10-11,"LAGUARDIA AIRPORT, NY US",40.77944,-73.88035,3.4
2018-10-11,TMIN,GHCND:USW00014732,",,W,2400",21.7,SNWD,",,W,2400",0.0,2018-10-11,"LAGUARDIA AIRPORT, NY US",40.77944,-73.88035,3.4
2018-10-11,TMIN,GHCND:USW00014732,",,W,2400",21.7,TAVG,"H,,S,",23.4,2018-10-11,"LAGUARDIA AIRPORT, NY US",40.77944,-73.88035,3.4
2018-10-11,TMIN,GHCND:USW00014732,",,W,2400",21.7,TMAX,",,W,2400",26.7,2018-10-11,"LAGUARDIA AIRPORT, NY US",40.77944,-73.88035,3.4
2018-10-11,TMIN,GHCND:USW00014732,",,W,2400",21.7,TMIN,",,W,2400",21.7,2018-10-11,"LAGUARDIA AIRPORT, NY US",40.77944,-73.88035,3.4
2018-10-11,TMIN,GHCND:USW00014732,",,W,2400",21.7,WDF2,",,W,",180.0,2018-10-11,"LAGUARDIA AIRPORT, NY US",40.77944,-73.88035,3.4
2018-10-11,TMIN,GHCND:USW00014732,",,W,2400",21.7,WDF5,",,W,",180.0,2018-10-11,"LAGUARDIA AIRPORT, NY US",40.77944,-73.88035,3.4
2018-10-11,TMIN,GHCND:USW00014732,",,W,2400",21.7,WSF2,",,W,",9.8,2018-10-11,"LAGUARDIA AIRPORT, NY US",40.77944,-73.88035,3.4
2018-10-11,TMIN,GHCND:USW00014732,",,W,2400",21.7,WSF5,",,W,",13.4,2018-10-11,"LAGUARDIA AIRPORT, NY US",40.77944,-73.88035,3.4
2018-10-11,TMIN,GHCND:USW00014732,",,W,2400",21.7,WT01,",,W,",1.0,2018-10-11,"LAGUARDIA AIRPORT, NY US",40.77944,-73.88035,3.4
2018-10-11,TMIN,GHCND:USW00014732,",,W,2400",21.7,WT03,",,W,",1.0,2018-10-11,"LAGUARDIA AIRPORT, NY US",40.77944,-73.88035,3.4
2018-10-12,TAVG,GHCND:USW00014732,"H,,S,",18.3,AWND,",,W,",7.7,2018-10-12,"LAGUARDIA AIRPORT, NY US",40.77944,-73.88035,3.4
2018-10-12,TAVG,GHCND:USW00014732,"H,,S,",18.3,PRCP,",,W,2400",13.2,2018-10-12,"LAGUARDIA AIRPORT, NY US",40.77944,-73.88035,3.4
2018-10-12,TAVG,GHCND:USW00014732,"H,,S,",18.3,SNOW,",,W,",0.0,2018-10-12,"LAGUARDIA AIRPORT, NY US",40.77944,-73.88035,3.4
2018-10-12,TAVG,GHCND:USW00014732,"H,,S,",18.3,SNWD,",,W,2400",0.0,2018-10-12,"LAGUARDIA AIRPORT, NY US",40.77944,-73.88035,3.4
2018-10-12,TAVG,GHCND:USW00014732,"H,,S,",18.3,TAVG,"H,,S,",18.3,2018-10-12,"LAGUARDIA AIRPORT, NY US",40.77944,-73.88035,3.4
2018-10-12,TAVG,GHCND:USW00014732,"H,,S,",18.3,TMAX,",,W,2400",22.2,2018-10-12,"LAGUARDIA AIRPORT, NY US",40.77944,-73.88035,3.4
2018-10-12,TAVG,GHCND:USW00014732,"H,,S,",18.3,TMIN,",,W,2400",12.2,2018-10-12,"LAGUARDIA AIRPORT, NY US",40.77944,-73.88035,3.4
2018-10-12,TAVG,GHCND:USW00014732,"H,,S,",18.3,WDF2,",,W,",320.0,2018-10-12,"LAGUARDIA AIRPORT, NY US",40.77944,-73.88035,3.4
2018-10-12,TAVG,GHCND:USW00014732,"H,,S,",18.3,WDF5,",,W,",310.0,2018-10-12,"LAGUARDIA AIRPORT, NY US",40.77944,-73.88035,3.4
2018-10-12,TAVG,GHCND:USW00014732,"H,,S,",18.3,WSF2,",,W,",13.0,2018-10-12,"LAGUARDIA AIRPORT, NY US",40.77944,-73.88035,3.4
2018-10-12,TAVG,GHCND:USW00014732,"H,,S,",18.3,WSF5,",,W,",16.1,2018-10-12,"LAGUARDIA AIRPORT, NY US",40.77944,-73.88035,3.4
2018-10-12,TAVG,GHCND:USW00014732,"H,,S,",18.3,WT01,",,W,",1.0,2018-10-12,"LAGUARDIA AIRPORT, NY US",40.77944,-73.88035,3.4
2018-10-12,TMAX,GHCND:USW00014732,",,W,2400",22.2,AWND,",,W,",7.7,2018-10-12,"LAGUARDIA AIRPORT, NY US",40.77944,-73.88035,3.4
2018-10-12,TMAX,GHCND:USW00014732,",,W,2400",22.2,PRCP,",,W,2400",13.2,2018-10-12,"LAGUARDIA AIRPORT, NY US",40.77944,-73.88035,3.4
2018-10-12,TMAX,GHCND:USW00014732,",,W,2400",22.2,SNOW,",,W,",0.0,2018-10-12,"LAGUARDIA AIRPORT, NY US",40.77944,-73.88035,3.4
2018-10-12,TMAX,GHCND:USW00014732,",,W,2400",22.2,SNWD,",,W,2400",0.0,2018-10-12,"LAGUARDIA AIRPORT, NY US",40.77944,-73.88035,3.4
2018-10-12,TMAX,GHCND:USW00014732,",,W,2400",22.2,TAVG,"H,,S,",18.3,2018-10-12,"LAGUARDIA AIRPORT, NY US",40.77944,-73.88035,3.4
2018-10-12,TMAX,GHCND:USW00014732,",,W,2400",22.2,TMAX,",,W,2400",22.2,2018-10-12,"LAGUARDIA AIRPORT, NY US",40.77944,-73.88035,3.4
2018-10-12,TMAX,GHCND:USW00014732,",,W,2400",22.2,TMIN,",,W,2400",12.2,2018-10-12,"LAGUARDIA AIRPORT, NY US",40.77944,-73.88035,3.4
2018-10-12,TMAX,GHCND:USW00014732,",,W,2400",22.2,WDF2,",,W,",320.0,2018-10-12,"LAGUARDIA AIRPORT, NY US",40.77944,-73.88035,3.4
2018-10-12,TMAX,GHCND:USW00014732,",,W,2400",22.2,WDF5,",,W,",310.0,2018-10-12,"LAGUARDIA AIRPORT, NY US",40.77944,-73.88035,3.4
2018-10-12,TMAX,GHCND:USW00014732,",,W,2400",22.2,WSF2,",,W,",13.0,2018-10-12,"LAGUARDIA AIRPORT, NY US",40.77944,-73.88035,3.4
2018-10-12,TMAX,GHCND:USW00014732,",,W,2400",22.2,WSF5,",,W,",16.1,2018-10-12,"LAGUARDIA AIRPORT, NY US",40.77944,-73.88035,3.4
2018-10-12,TMAX,GHCND:USW00014732,",,W,2400",22.2,WT01,",,W,",1.0,2018-10-12,"LAGUARDIA AIRPORT, NY US",40.77944,-73.88035,3.4
2018-10-12,TMIN,GHCND:USW00014732,",,W,2400",12.2,AWND,",,W,",7.7,2018-10-12,"LAGUARDIA AIRPORT, NY US",40.77944,-73.88035,3.4
2018-10-12,TMIN,GHCND:USW00014732,",,W,2400",12.2,PRCP,",,W,2400",13.2,2018-10-12,"LAGUARDIA AIRPORT, NY US",40.77944,-73.88035,3.4
2018-10-12,TMIN,GHCND:USW00014732,",,W,2400",12.2,SNOW,",,W,",0.0,2018-10-12,"LAGUARDIA AIRPORT, NY US",40.77944,-73.88035,3.4
2018-10-12,TMIN,GHCND:USW00014732,",,W,2400",12.2,SNWD,",,W,2400",0.0,2018-10-12,"LAGUARDIA AIRPORT, NY US",40.77944,-73.88035,3.4
2018-10-12,TMIN,GHCND:USW00014732,",,W,2400",12.2,TAVG,"H,,S,",18.3,2018-10-12,"LAGUARDIA AIRPORT, NY US",40.77944,-73.88035,3.4
2018-10-12,TMIN,GHCND:USW00014732,",,W,2400",12.2,TMAX,",,W,2400",22.2,2018-10-12,"LAGUARDIA AIRPORT, NY US",40.77944,-73.88035,3.4
2018-10-12,TMIN,GHCND:USW00014732,",,W,2400",12.2,TMIN,",,W,2400",12.2,2018-10-12,"LAGUARDIA AIRPORT, NY US",40.77944,-73.88035,3.4
2018-10-12,TMIN,GHCND:USW00014732,",,W,2400",12.2,WDF2,",,W,",320.0,2018-10-12,"LAGUARDIA AIRPORT, NY US",40.77944,-73.88035,3.4
2018-10-12,TMIN,GHCND:USW00014732,",,W,2400",12.2,WDF5,",,W,",310.0,2018-10-12,"LAGUARDIA AIRPORT, NY US",40.77944,-73.88035,3.4
2018-10-12,TMIN,GHCND:USW00014732,",,W,2400",12.2,WSF2,",,W,",13.0,2018-10-12,"LAGUARDIA AIRPORT, NY US",40.77944,-73.88035,3.4
2018-10-12,TMIN,GHCND:USW00014732,",,W,2400",12.2,WSF5,",,W,",16.1,2018-10-12,"LAGUARDIA AIRPORT, NY US",40.77944,-73.88035,3.4
2018-10-12,TMIN,GHCND:USW00014732,",,W,2400",12.2,WT01,",,W,",1.0,2018-10-12,"LAGUARDIA AIRPORT, NY US",40.77944,-73.88035,3.4
2018-10-13,TAVG,GHCND:USW00014732,"H,,S,",12.2,AWND,",,W,",4.7,2018-10-13,"LAGUARDIA AIRPORT, NY US",40.77944,-73.88035,3.4
2018-10-13,TAVG,GHCND:USW00014732,"H,,S,",12.2,PRCP,",,W,2400",1.3,2018-10-13,"LAGUARDIA AIRPORT, NY US",40.77944,-73.88035,3.4
2018-10-13,TAVG,GHCND:USW00014732,"H,,S,",12.2,SNOW,",,W,",0.0,2018-10-13,"LAGUARDIA AIRPORT, NY US",40.77944,-73.88035,3.4
2018-10-13,TAVG,GHCND:USW00014732,"H,,S,",12.2,SNWD,",,W,2400",0.0,2018-10-13,"LAGUARDIA AIRPORT, NY US",40.77944,-73.88035,3.4
2018-10-13,TAVG,GHCND:USW00014732,"H,,S,",12.2,TAVG,"H,,S,",12.2,2018-10-13,"LAGUARDIA AIRPORT, NY US",40.77944,-73.88035,3.4
2018-10-13,TAVG,GHCND:USW00014732,"H,,S,",12.2,TMAX,",,W,2400",15.0,2018-10-13,"LAGUARDIA AIRPORT, NY US",40.77944,-73.88035,3.4
2018-10-13,TAVG,GHCND:USW00014732,"H,,S,",12.2,TMIN,",,W,2400",9.4,2018-10-13,"LAGUARDIA AIRPORT, NY US",40.77944,-73.88035,3.4
2018-10-13,TAVG,GHCND:USW00014732,"H,,S,",12.2,WDF2,",,W,",320.0,2018-10-13,"LAGUARDIA AIRPORT, NY US",40.77944,-73.88035,3.4
2018-10-13,TAVG,GHCND:USW00014732,"H,,S,",12.2,WDF5,",,W,",310.0,2018-10-13,"LAGUARDIA AIRPORT, NY US",40.77944,-73.88035,3.4
2018-10-13,TAVG,GHCND:USW00014732,"H,,S,",12.2,WSF2,",,W,",8.1,2018-10-13,"LAGUARDIA AIRPORT, NY US",40.77944,-73.88035,3.4
2018-10-13,TAVG,GHCND:USW00014732,"H,,S,",12.2,WSF5,",,W,",10.7,2018-10-13,"LAGUARDIA AIRPORT, NY US",40.77944,-73.88035,3.4
2018-10-13,TMAX,GHCND:USW00014732,",,W,2400",15.0,AWND,",,W,",4.7,2018-10-13,"LAGUARDIA AIRPORT, NY US",40.77944,-73.88035,3.4
2018-10-13,TMAX,GHCND:USW00014732,",,W,2400",15.0,PRCP,",,W,2400",1.3,2018-10-13,"LAGUARDIA AIRPORT, NY US",40.77944,-73.88035,3.4
2018-10-13,TMAX,GHCND:USW00014732,",,W,2400",15.0,SNOW,",,W,",0.0,2018-10-13,"LAGUARDIA AIRPORT, NY US",40.77944,-73.88035,3.4
2018-10-13,TMAX,GHCND:USW00014732,",,W,2400",15.0,SNWD,",,W,2400",0.0,2018-10-13,"LAGUARDIA AIRPORT, NY US",40.77944,-73.88035,3.4
2018-10-13,TMAX,GHCND:USW00014732,",,W,2400",15.0,TAVG,"H,,S,",12.2,2018-10-13,"LAGUARDIA AIRPORT, NY US",40.77944,-73.88035,3.4
2018-10-13,TMAX,GHCND:USW00014732,",,W,2400",15.0,TMAX,",,W,2400",15.0,2018-10-13,"LAGUARDIA AIRPORT, NY US",40.77944,-73.88035,3.4
2018-10-13,TMAX,GHCND:USW00014732,",,W,2400",15.0,TMIN,",,W,2400",9.4,2018-10-13,"LAGUARDIA AIRPORT, NY US",40.77944,-73.88035,3.4
2018-10-13,TMAX,GHCND:USW00014732,",,W,2400",15.0,WDF2,",,W,",320.0,2018-10-13,"LAGUARDIA AIRPORT, NY US",40.77944,-73.88035,3.4
2018-10-13,TMAX,GHCND:USW00014732,",,W,2400",15.0,WDF5,",,W,",310.0,2018-10-13,"LAGUARDIA AIRPORT, NY US",40.77944,-73.88035,3.4
2018-10-13,TMAX,GHCND:USW00014732,",,W,2400",15.0,WSF2,",,W,",8.1,2018-10-13,"LAGUARDIA AIRPORT, NY US",40.77944,-73.88035,3.4
2018-10-13,TMAX,GHCND:USW00014732,",,W,2400",15.0,WSF5,",,W,",10.7,2018-10-13,"LAGUARDIA AIRPORT, NY US",40.77944,-73.88035,3.4
2018-10-13,TMIN,GHCND:USW00014732,",,W,2400",9.4,AWND,",,W,",4.7,2018-10-13,"LAGUARDIA AIRPORT, NY US",40.77944,-73.88035,3.4
2018-10-13,TMIN,GHCND:USW00014732,",,W,2400",9.4,PRCP,",,W,2400",1.3,2018-10-13,"LAGUARDIA AIRPORT, NY US",40.77944,-73.88035,3.4
2018-10-13,TMIN,GHCND:USW00014732,",,W,2400",9.4,SNOW,",,W,",0.0,2018-10-13,"LAGUARDIA AIRPORT, NY US",40.77944,-73.88035,3.4
2018-10-13,TMIN,GHCND:USW00014732,",,W,2400",9.4,SNWD,",,W,2400",0.0,2018-10-13,"LAGUARDIA AIRPORT, NY US",40.77944,-73.88035,3.4
2018-10-13,TMIN,GHCND:USW00014732,",,W,2400",9.4,TAVG,"H,,S,",12.2,2018-10-13,"LAGUARDIA AIRPORT, NY US",40.77944,-73.88035,3.4
2018-10-13,TMIN,GHCND:USW00014732,",,W,2400",9.4,TMAX,",,W,2400",15.0,2018-10-13,"LAGUARDIA AIRPORT, NY US",40.77944,-73.88035,3.4
2018-10-13,TMIN,GHCND:USW00014732,",,W,2400",9.4,TMIN,",,W,2400",9.4,2018-10-13,"LAGUARDIA AIRPORT, NY US",40.77944,-73.88035,3.4
2018-10-13,TMIN,GHCND:USW00014732,",,W,2400",9.4,WDF2,",,W,",320.0,2018-10-13,"LAGUARDIA AIRPORT, NY US",40.77944,-73.88035,3.4
2018-10-13,TMIN,GHCND:USW00014732,",,W,2400",9.4,WDF5,",,W,",310.0,2018-10-13,"LAGUARDIA AIRPORT, NY US",40.77944,-73.88035,3.4
2018-10-13,TMIN,GHCND:USW00014732,",,W,2400",9.4,WSF2,",,W,",8.1,2018-10-13,"LAGUARDIA AIRPORT, NY US",40.77944,-73.88035,3.4
2018-10-13,TMIN,GHCND:USW00014732,",,W,2400",9.4,WSF5,",,W,",10.7,2018-10-13,"LAGUARDIA AIRPORT, NY US",40.77944,-73.88035,3.4
2018-10-14,TAVG,GHCND:USW00014732,"H,,S,",12.9,AWND,",,W,",3.0,2018-10-14,"LAGUARDIA AIRPORT, NY US",40.77944,-73.88035,3.4
2018-10-14,TAVG,GHCND:USW00014732,"H,,S,",12.9,PRCP,",,W,2400",0.0,2018-10-14,"LAGUARDIA AIRPORT, NY US",40.77944,-73.88035,3.4
2018-10-14,TAVG,GHCND:USW00014732,"H,,S,",12.9,SNOW,",,W,",0.0,2018-10-14,"LAGUARDIA AIRPORT, NY US",40.77944,-73.88035,3.4
2018-10-14,TAVG,GHCND:USW00014732,"H,,S,",12.9,SNWD,",,W,2400",0.0,2018-10-14,"LAGUARDIA AIRPORT, NY US",40.77944,-73.88035,3.4
2018-10-14,TAVG,GHCND:USW00014732,"H,,S,",12.9,TAVG,"H,,S,",12.9,2018-10-14,"LAGUARDIA AIRPORT, NY US",40.77944,-73.88035,3.4
2018-10-14,TAVG,GHCND:USW00014732,"H,,S,",12.9,TMAX,",,W,2400",15.6,2018-10-14,"LAGUARDIA AIRPORT, NY US",40.77944,-73.88035,3.4
2018-10-14,TAVG,GHCND:USW00014732,"H,,S,",12.9,TMIN,",,W,2400",10.6,2018-10-14,"LAGUARDIA AIRPORT, NY US",40.77944,-73.88035,3.4
2018-10-14,TAVG,GHCND:USW00014732,"H,,S,",12.9,WDF2,",,W,",230.0,2018-10-14,"LAGUARDIA AIRPORT, NY US",40.77944,-73.88035,3.4
2018-10-14,TAVG,GHCND:USW00014732,"H,,S,",12.9,WDF5,",,W,",220.0,2018-10-14,"LAGUARDIA AIRPORT, NY US",40.77944,-73.88035,3.4
2018-10-14,TAVG,GHCND:USW00014732,"H,,S,",12.9,WSF2,",,W,",5.8,2018-10-14,"LAGUARDIA AIRPORT, NY US",40.77944,-73.88035,3.4
2018-10-14,TAVG,GHCND:USW00014732,"H,,S,",12.9,WSF5,",,W,",7.2,2018-10-14,"LAGUARDIA AIRPORT, NY US",40.77944,-73.88035,3.4
2018-10-14,TMAX,GHCND:USW00014732,",,W,2400",15.6,AWND,",,W,",3.0,2018-10-14,"LAGUARDIA AIRPORT, NY US",40.77944,-73.88035,3.4
2018-10-14,TMAX,GHCND:USW00014732,",,W,2400",15.6,PRCP,",,W,2400",0.0,2018-10-14,"LAGUARDIA AIRPORT, NY US",40.77944,-73.88035,3.4
2018-10-14,TMAX,GHCND:USW00014732,",,W,2400",15.6,SNOW,",,W,",0.0,2018-10-14,"LAGUARDIA AIRPORT, NY US",40.77944,-73.88035,3.4
2018-10-14,TMAX,GHCND:USW00014732,",,W,2400",15.6,SNWD,",,W,2400",0.0,2018-10-14,"LAGUARDIA AIRPORT, NY US",40.77944,-73.88035,3.4
2018-10-14,TMAX,GHCND:USW00014732,",,W,2400",15.6,TAVG,"H,,S,",12.9,2018-10-14,"LAGUARDIA AIRPORT, NY US",40.77944,-73.88035,3.4
2018-10-14,TMAX,GHCND:USW00014732,",,W,2400",15.6,TMAX,",,W,2400",15.6,2018-10-14,"LAGUARDIA AIRPORT, NY US",40.77944,-73.88035,3.4
2018-10-14,TMAX,GHCND:USW00014732,",,W,2400",15.6,TMIN,",,W,2400",10.6,2018-10-14,"LAGUARDIA AIRPORT, NY US",40.77944,-73.88035,3.4
2018-10-14,TMAX,GHCND:USW00014732,",,W,2400",15.6,WDF2,",,W,",230.0,2018-10-14,"LAGUARDIA AIRPORT, NY US",40.77944,-73.88035,3.4
2018-10-14,TMAX,GHCND:USW00014732,",,W,2400",15.6,WDF5,",,W,",220.0,2018-10-14,"LAGUARDIA AIRPORT, NY US",40.77944,-73.88035,3.4
2018-10-14,TMAX,GHCND:USW00014732,",,W,2400",15.6,WSF2,",,W,",5.8,2018-10-14,"LAGUARDIA AIRPORT, NY US",40.77944,-73.88035,3.4
2018-10-14,TMAX,GHCND:USW00014732,",,W,2400",15.6,WSF5,",,W,",7.2,2018-10-14,"LAGUARDIA AIRPORT, NY US",40.77944,-73.88035,3.4
2018-10-14,TMIN,GHCND:USW00014732,",,W,2400",10.6,AWND,",,W,",3.0,2018-10-14,"LAGUARDIA AIRPORT, NY US",40.77944,-73.88035,3.4
2018-10-14,TMIN,GHCND:USW00014732,",,W,2400",10.6,PRCP,",,W,2400",0.0,2018-10-14,"LAGUARDIA AIRPORT, NY US",40.77944,-73.88035,3.4
2018-10-14,TMIN,GHCND:USW00014732,",,W,2400",10.6,SNOW,",,W,",0.0,2018-10-14,"LAGUARDIA AIRPORT, NY US",40.77944,-73.88035,3.4
2018-10-14,TMIN,GHCND:USW00014732,",,W,2400",10.6,SNWD,",,W,2400",0.0,2018-10-14,"LAGUARDIA AIRPORT, NY US",40.77944,-73.88035,3.4
2018-10-14,TMIN,GHCND:USW00014732,",,W,2400",10.6,TAVG,"H,,S,",12.9,2018-10-14,"LAGUARDIA AIRPORT, NY US",40.77944,-73.88035,3.4
2018-10-14,TMIN,GHCND:USW00014732,",,W,2400",10.6,TMAX,",,W,2400",15.6,2018-10-14,"LAGUARDIA AIRPORT, NY US",40.77944,-73.88035,3.4
2018-10-14,TMIN,GHCND:USW00014732,",,W,2400",10.6,TMIN,",,W,2400",10.6,2018-10-14,"LAGUARDIA AIRPORT, NY US",40.77944,-73.88035,3.4
2018-10-14,TMIN,GHCND:USW00014732,",,W,2400",10.6,WDF2,",,W,",230.0,2018-10-14,"LAGUARDIA AIRPORT, NY US",40.77944,-73.88035,3.4
2018-10-14,TMIN,GHCND:USW00014732,",,W,2400",10.6,WDF5,",,W,",220.0,2018-10-14,"LAGUARDIA AIRPORT, NY US",40.77944,-73.88035,3.4
2018-10-14,TMIN,GHCND:USW00014732,",,W,2400",10.6,WSF2,",,W,",5.8,2018-10-14,"LAGUARDIA AIRPORT, NY US",40.77944,-73.88035,3.4
2018-10-14,TMIN,GHCND:USW00014732,",,W,2400",10.6,WSF5,",,W,",7.2,2018-10-14,"LAGUARDIA AIRPORT, NY US",40.77944,-73.88035,3.4
2018-10-15,TAVG,GHCND:USW00014732,"H,,S,",15.8,AWND,",,W,",4.9,2018-10-15,"LAGUARDIA AIRPORT, NY US",40.77944,-73.88035,3.4
2018-10-15,TAVG,GHCND:USW00014732,"H,,S,",15.8,PRCP,",,W,2400",1.0,2018-10-15,"LAGUARDIA AIRPORT, NY US",40.77944,-73.88035,3.4
2018-10-15,TAVG,GHCND:USW00014732,"H,,S,",15.8,SNOW,",,W,",0.0,2018-10-15,"LAGUARDIA AIRPORT, NY US",40.77944,-73.88035,3.4
2018-10-15,TAVG,GHCND:USW00014732,"H,,S,",15.8,SNWD,",,W,2400",0.0,2018-10-15,"LAGUARDIA AIRPORT, NY US",40.77944,-73.88035,3.4
2018-10-15,TAVG,GHCND:USW00014732,"H,,S,",15.8,TAVG,"H,,S,",15.8,2018-10-15,"LAGUARDIA AIRPORT, NY US",40.77944,-73.88035,3.4
2018-10-15,TAVG,GHCND:USW00014732,"H,,S,",15.8,TMAX,",,W,2400",21.1,2018-10-15,"LAGUARDIA AIRPORT, NY US",40.77944,-73.88035,3.4
2018-10-15,TAVG,GHCND:USW00014732,"H,,S,",15.8,TMIN,",,W,2400",12.8,2018-10-15,"LAGUARDIA AIRPORT, NY US",40.77944,-73.88035,3.4
2018-10-15,TAVG,GHCND:USW00014732,"H,,S,",15.8,WDF2,",,W,",290.0,2018-10-15,"LAGUARDIA AIRPORT, NY US",40.77944,-73.88035,3.4
2018-10-15,TAVG,GHCND:USW00014732,"H,,S,",15.8,WDF5,",,W,",300.0,2018-10-15,"LAGUARDIA AIRPORT, NY US",40.77944,-73.88035,3.4
2018-10-15,TAVG,GHCND:USW00014732,"H,,S,",15.8,WSF2,",,W,",13.0,2018-10-15,"LAGUARDIA AIRPORT, NY US",40.77944,-73.88035,3.4
2018-10-15,TAVG,GHCND:USW00014732,"H,,S,",15.8,WSF5,",,W,",18.3,2018-10-15,"LAGUARDIA AIRPORT, NY US",40.77944,-73.88035,3.4
2018-10-15,TAVG,GHCND:USW00014732,"H,,S,",15.8,WT01,",,W,",1.0,2018-10-15,"LAGUARDIA AIRPORT, NY US",40.77944,-73.88035,3.4
2018-10-15,TMAX,GHCND:USW00014732,",,W,2400",21.1,AWND,",,W,",4.9,2018-10-15,"LAGUARDIA AIRPORT, NY US",40.77944,-73.88035,3.4
2018-10-15,TMAX,GHCND:USW00014732,",,W,2400",21.1,PRCP,",,W,2400",1.0,2018-10-15,"LAGUARDIA AIRPORT, NY US",40.77944,-73.88035,3.4
2018-10-15,TMAX,GHCND:USW00014732,",,W,2400",21.1,SNOW,",,W,",0.0,2018-10-15,"LAGUARDIA AIRPORT, NY US",40.77944,-73.88035,3.4
2018-10-15,TMAX,GHCND:USW00014732,",,W,2400",21.1,SNWD,",,W,2400",0.0,2018-10-15,"LAGUARDIA AIRPORT, NY US",40.77944,-73.88035,3.4
2018-10-15,TMAX,GHCND:USW00014732,",,W,2400",21.1,TAVG,"H,,S,",15.8,2018-10-15,"LAGUARDIA AIRPORT, NY US",40.77944,-73.88035,3.4
2018-10-15,TMAX,GHCND:USW00014732,",,W,2400",21.1,TMAX,",,W,2400",21.1,2018-10-15,"LAGUARDIA AIRPORT, NY US",40.77944,-73.88035,3.4
2018-10-15,TMAX,GHCND:USW00014732,",,W,2400",21.1,TMIN,",,W,2400",12.8,2018-10-15,"LAGUARDIA AIRPORT, NY US",40.77944,-73.88035,3.4
2018-10-15,TMAX,GHCND:USW00014732,",,W,2400",21.1,WDF2,",,W,",290.0,2018-10-15,"LAGUARDIA AIRPORT, NY US",40.77944,-73.88035,3.4
2018-10-15,TMAX,GHCND:USW00014732,",,W,2400",21.1,WDF5,",,W,",300.0,2018-10-15,"LAGUARDIA AIRPORT, NY US",40.77944,-73.88035,3.4
2018-10-15,TMAX,GHCND:USW00014732,",,W,2400",21.1,WSF2,",,W,",13.0,2018-10-15,"LAGUARDIA AIRPORT, NY US",40.77944,-73.88035,3.4
2018-10-15,TMAX,GHCND:USW00014732,",,W,2400",21.1,WSF5,",,W,",18.3,2018-10-15,"LAGUARDIA AIRPORT, NY US",40.77944,-73.88035,3.4
2018-10-15,TMAX,GHCND:USW00014732,",,W,2400",21.1,WT01,",,W,",1.0,2018-10-15,"LAGUARDIA AIRPORT, NY US",40.77944,-73.88035,3.4
2018-10-15,TMIN,GHCND:USW00014732,",,W,2400",12.8,AWND,",,W,",4.9,2018-10-15,"LAGUARDIA AIRPORT, NY US",40.77944,-73.88035,3.4
2018-10-15,TMIN,GHCND:USW00014732,",,W,2400",12.8,PRCP,",,W,2400",1.0,2018-10-15,"LAGUARDIA AIRPORT, NY US",40.77944,-73.88035,3.4
2018-10-15,TMIN,GHCND:USW00014732,",,W,2400",12.8,SNOW,",,W,",0.0,2018-10-15,"LAGUARDIA AIRPORT, NY US",40.77944,-73.88035,3.4
2018-10-15,TMIN,GHCND:USW00014732,",,W,2400",12.8,SNWD,",,W,2400",0.0,2018-10-15,"LAGUARDIA AIRPORT, NY US",40.77944,-73.88035,3.4
2018-10-15,TMIN,GHCND:USW00014732,",,W,2400",12.8,TAVG,"H,,S,",15.8,2018-10-15,"LAGUARDIA AIRPORT, NY US",40.77944,-73.88035,3.4
2018-10-15,TMIN,GHCND:USW00014732,",,W,2400",12.8,TMAX,",,W,2400",21.1,2018-10-15,"LAGUARDIA AIRPORT, NY US",40.77944,-73.88035,3.4
2018-10-15,TMIN,GHCND:USW00014732,",,W,2400",12.8,TMIN,",,W,2400",12.8,2018-10-15,"LAGUARDIA AIRPORT, NY US",40.77944,-73.88035,3.4
2018-10-15,TMIN,GHCND:USW00014732,",,W,2400",12.8,WDF2,",,W,",290.0,2018-10-15,"LAGUARDIA AIRPORT, NY US",40.77944,-73.88035,3.4
2018-10-15,TMIN,GHCND:USW00014732,",,W,2400",12.8,WDF5,",,W,",300.0,2018-10-15,"LAGUARDIA AIRPORT, NY US",40.77944,-73.88035,3.4
2018-10-15,TMIN,GHCND:USW00014732,",,W,2400",12.8,WSF2,",,W,",13.0,2018-10-15,"LAGUARDIA AIRPORT, NY US",40.77944,-73.88035,3.4
2018-10-15,TMIN,GHCND:USW00014732,",,W,2400",12.8,WSF5,",,W,",18.3,2018-10-15,"LAGUARDIA AIRPORT, NY US",40.77944,-73.88035,3.4
2018-10-15,TMIN,GHCND:USW00014732,",,W,2400",12.8,WT01,",,W,",1.0,2018-10-15,"LAGUARDIA AIRPORT, NY US",40.77944,-73.88035,3.4
2018-10-16,TAVG,GHCND:USW00014732,"H,,S,",14.3,AWND,",,W,",5.8,2018-10-16,"LAGUARDIA AIRPORT, NY US",40.77944,-73.88035,3.4
2018-10-16,TAVG,GHCND:USW00014732,"H,,S,",14.3,PRCP,",,W,2400",0.5,2018-10-16,"LAGUARDIA AIRPORT, NY US",40.77944,-73.88035,3.4
2018-10-16,TAVG,GHCND:USW00014732,"H,,S,",14.3,SNOW,",,W,",0.0,2018-10-16,"LAGUARDIA AIRPORT, NY US",40.77944,-73.88035,3.4
2018-10-16,TAVG,GHCND:USW00014732,"H,,S,",14.3,SNWD,",,W,2400",0.0,2018-10-16,"LAGUARDIA AIRPORT, NY US",40.77944,-73.88035,3.4
2018-10-16,TAVG,GHCND:USW00014732,"H,,S,",14.3,TAVG,"H,,S,",14.3,2018-10-16,"LAGUARDIA AIRPORT, NY US",40.77944,-73.88035,3.4
2018-10-16,TAVG,GHCND:USW00014732,"H,,S,",14.3,TMAX,",,W,2400",16.7,2018-10-16,"LAGUARDIA AIRPORT, NY US",40.77944,-73.88035,3.4
2018-10-16,TAVG,GHCND:USW00014732,"H,,S,",14.3,TMIN,",,W,2400",9.4,2018-10-16,"LAGUARDIA AIRPORT, NY US",40.77944,-73.88035,3.4
2018-10-16,TAVG,GHCND:USW00014732,"H,,S,",14.3,WDF2,",,W,",300.0,2018-10-16,"LAGUARDIA AIRPORT, NY US",40.77944,-73.88035,3.4
2018-10-16,TAVG,GHCND:USW00014732,"H,,S,",14.3,WDF5,",,W,",300.0,2018-10-16,"LAGUARDIA AIRPORT, NY US",40.77944,-73.88035,3.4
2018-10-16,TAVG,GHCND:USW00014732,"H,,S,",14.3,WSF2,",,W,",13.4,2018-10-16,"LAGUARDIA AIRPORT, NY US",40.77944,-73.88035,3.4
2018-10-16,TAVG,GHCND:USW00014732,"H,,S,",14.3,WSF5,",,W,",17.9,2018-10-16,"LAGUARDIA AIRPORT, NY US",40.77944,-73.88035,3.4
2018-10-16,TMAX,GHCND:USW00014732,",,W,2400",16.7,AWND,",,W,",5.8,2018-10-16,"LAGUARDIA AIRPORT, NY US",40.77944,-73.88035,3.4
2018-10-16,TMAX,GHCND:USW00014732,",,W,2400",16.7,PRCP,",,W,2400",0.5,2018-10-16,"LAGUARDIA AIRPORT, NY US",40.77944,-73.88035,3.4
2018-10-16,TMAX,GHCND:USW00014732,",,W,2400",16.7,SNOW,",,W,",0.0,2018-10-16,"LAGUARDIA AIRPORT, NY US",40.77944,-73.88035,3.4
2018-10-16,TMAX,GHCND:USW00014732,",,W,2400",16.7,SNWD,",,W,2400",0.0,2018-10-16,"LAGUARDIA AIRPORT, NY US",40.77944,-73.88035,3.4
2018-10-16,TMAX,GHCND:USW00014732,",,W,2400",16.7,TAVG,"H,,S,",14.3,2018-10-16,"LAGUARDIA AIRPORT, NY US",40.77944,-73.88035,3.4
2018-10-16,TMAX,GHCND:USW00014732,",,W,2400",16.7,TMAX,",,W,2400",16.7,2018-10-16,"LAGUARDIA AIRPORT, NY US",40.77944,-73.88035,3.4
2018-10-16,TMAX,GHCND:USW00014732,",,W,2400",16.7,TMIN,",,W,2400",9.4,2018-10-16,"LAGUARDIA AIRPORT, NY US",40.77944,-73.88035,3.4
2018-10-16,TMAX,GHCND:USW00014732,",,W,2400",16.7,WDF2,",,W,",300.0,2018-10-16,"LAGUARDIA AIRPORT, NY US",40.77944,-73.88035,3.4
2018-10-16,TMAX,GHCND:USW00014732,",,W,2400",16.7,WDF5,",,W,",300.0,2018-10-16,"LAGUARDIA AIRPORT, NY US",40.77944,-73.88035,3.4
2018-10-16,TMAX,GHCND:USW00014732,",,W,2400",16.7,WSF2,",,W,",13.4,2018-10-16,"LAGUARDIA AIRPORT, NY US",40.77944,-73.88035,3.4
2018-10-16,TMAX,GHCND:USW00014732,",,W,2400",16.7,WSF5,",,W,",17.9,2018-10-16,"LAGUARDIA AIRPORT, NY US",40.77944,-73.88035,3.4
2018-10-16,TMIN,GHCND:USW00014732,",,W,2400",9.4,AWND,",,W,",5.8,2018-10-16,"LAGUARDIA AIRPORT, NY US",40.77944,-73.88035,3.4
2018-10-16,TMIN,GHCND:USW00014732,",,W,2400",9.4,PRCP,",,W,2400",0.5,2018-10-16,"LAGUARDIA AIRPORT, NY US",40.77944,-73.88035,3.4
2018-10-16,TMIN,GHCND:USW00014732,",,W,2400",9.4,SNOW,",,W,",0.0,2018-10-16,"LAGUARDIA AIRPORT, NY US",40.77944,-73.88035,3.4
2018-10-16,TMIN,GHCND:USW00014732,",,W,2400",9.4,SNWD,",,W,2400",0.0,2018-10-16,"LAGUARDIA AIRPORT, NY US",40.77944,-73.88035,3.4
2018-10-16,TMIN,GHCND:USW00014732,",,W,2400",9.4,TAVG,"H,,S,",14.3,2018-10-16,"LAGUARDIA AIRPORT, NY US",40.77944,-73.88035,3.4
2018-10-16,TMIN,GHCND:USW00014732,",,W,2400",9.4,TMAX,",,W,2400",16.7,2018-10-16,"LAGUARDIA AIRPORT, NY US",40.77944,-73.88035,3.4
2018-10-16,TMIN,GHCND:USW00014732,",,W,2400",9.4,TMIN,",,W,2400",9.4,2018-10-16,"LAGUARDIA AIRPORT, NY US",40.77944,-73.88035,3.4
2018-10-16,TMIN,GHCND:USW00014732,",,W,2400",9.4,WDF2,",,W,",300.0,2018-10-16,"LAGUARDIA AIRPORT, NY US",40.77944,-73.88035,3.4
2018-10-16,TMIN,GHCND:USW00014732,",,W,2400",9.4,WDF5,",,W,",300.0,2018-10-16,"LAGUARDIA AIRPORT, NY US",40.77944,-73.88035,3.4
2018-10-16,TMIN,GHCND:USW00014732,",,W,2400",9.4,WSF2,",,W,",13.4,2018-10-16,"LAGUARDIA AIRPORT, NY US",40.77944,-73.88035,3.4
2018-10-16,TMIN,GHCND:USW00014732,",,W,2400",9.4,WSF5,",,W,",17.9,2018-10-16,"LAGUARDIA AIRPORT, NY US",40.77944,-73.88035,3.4
2018-10-17,TAVG,GHCND:USW00014732,"H,,S,",13.2,AWND,",,W,",7.2,2018-10-17,"LAGUARDIA AIRPORT, NY US",40.77944,-73.88035,3.4
2018-10-17,TAVG,GHCND:USW00014732,"H,,S,",13.2,PRCP,",,W,2400",0.0,2018-10-17,"LAGUARDIA AIRPORT, NY US",40.77944,-73.88035,3.4
2018-10-17,TAVG,GHCND:USW00014732,"H,,S,",13.2,SNOW,",,W,",0.0,2018-10-17,"LAGUARDIA AIRPORT, NY US",40.77944,-73.88035,3.4
2018-10-17,TAVG,GHCND:USW00014732,"H,,S,",13.2,SNWD,",,W,2400",0.0,2018-10-17,"LAGUARDIA AIRPORT, NY US",40.77944,-73.88035,3.4
2018-10-17,TAVG,GHCND:USW00014732,"H,,S,",13.2,TAVG,"H,,S,",13.2,2018-10-17,"LAGUARDIA AIRPORT, NY US",40.77944,-73.88035,3.4
2018-10-17,TAVG,GHCND:USW00014732,"H,,S,",13.2,TMAX,",,W,2400",17.8,2018-10-17,"LAGUARDIA AIRPORT, NY US",40.77944,-73.88035,3.4
2018-10-17,TAVG,GHCND:USW00014732,"H,,S,",13.2,TMIN,",,W,2400",8.9,2018-10-17,"LAGUARDIA AIRPORT, NY US",40.77944,-73.88035,3.4
2018-10-17,TAVG,GHCND:USW00014732,"H,,S,",13.2,WDF2,",,W,",310.0,2018-10-17,"LAGUARDIA AIRPORT, NY US",40.77944,-73.88035,3.4
2018-10-17,TAVG,GHCND:USW00014732,"H,,S,",13.2,WDF5,",,W,",260.0,2018-10-17,"LAGUARDIA AIRPORT, NY US",40.77944,-73.88035,3.4
2018-10-17,TAVG,GHCND:USW00014732,"H,,S,",13.2,WSF2,",,W,",13.0,2018-10-17,"LAGUARDIA AIRPORT, NY US",40.77944,-73.88035,3.4
2018-10-17,TAVG,GHCND:USW00014732,"H,,S,",13.2,WSF5,",,W,",16.5,2018-10-17,"LAGUARDIA AIRPORT, NY US",40.77944,-73.88035,3.4
2018-10-17,TMAX,GHCND:USW00014732,",,W,2400",17.8,AWND,",,W,",7.2,2018-10-17,"LAGUARDIA AIRPORT, NY US",40.77944,-73.88035,3.4
2018-10-17,TMAX,GHCND:USW00014732,",,W,2400",17.8,PRCP,",,W,2400",0.0,2018-10-17,"LAGUARDIA AIRPORT, NY US",40.77944,-73.88035,3.4
2018-10-17,TMAX,GHCND:USW00014732,",,W,2400",17.8,SNOW,",,W,",0.0,2018-10-17,"LAGUARDIA AIRPORT, NY US",40.77944,-73.88035,3.4
2018-10-17,TMAX,GHCND:USW00014732,",,W,2400",17.8,SNWD,",,W,2400",0.0,2018-10-17,"LAGUARDIA AIRPORT, NY US",40.77944,-73.88035,3.4
2018-10-17,TMAX,GHCND:USW00014732,",,W,2400",17.8,TAVG,"H,,S,",13.2,2018-10-17,"LAGUARDIA AIRPORT, NY US",40.77944,-73.88035,3.4
2018-10-17,TMAX,GHCND:USW00014732,",,W,2400",17.8,TMAX,",,W,2400",17.8,2018-10-17,"LAGUARDIA AIRPORT, NY US",40.77944,-73.88035,3.4
2018-10-17,TMAX,GHCND:USW00014732,",,W,2400",17.8,TMIN,",,W,2400",8.9,2018-10-17,"LAGUARDIA AIRPORT, NY US",40.77944,-73.88035,3.4
2018-10-17,TMAX,GHCND:USW00014732,",,W,2400",17.8,WDF2,",,W,",310.0,2018-10-17,"LAGUARDIA AIRPORT, NY US",40.77944,-73.88035,3.4
2018-10-17,TMAX,GHCND:USW00014732,",,W,2400",17.8,WDF5,",,W,",260.0,2018-10-17,"LAGUARDIA AIRPORT, NY US",40.77944,-73.88035,3.4
2018-10-17,TMAX,GHCND:USW00014732,",,W,2400",17.8,WSF2,",,W,",13.0,2018-10-17,"LAGUARDIA AIRPORT, NY US",40.77944,-73.88035,3.4
2018-10-17,TMAX,GHCND:USW00014732,",,W,2400",17.8,WSF5,",,W,",16.5,2018-10-17,"LAGUARDIA AIRPORT, NY US",40.77944,-73.88035,3.4
2018-10-17,TMIN,GHCND:USW00014732,",,W,2400",8.9,AWND,",,W,",7.2,2018-10-17,"LAGUARDIA AIRPORT, NY US",40.77944,-73.88035,3.4
2018-10-17,TMIN,GHCND:USW00014732,",,W,2400",8.9,PRCP,",,W,2400",0.0,2018-10-17,"LAGUARDIA AIRPORT, NY US",40.77944,-73.88035,3.4
2018-10-17,TMIN,GHCND:USW00014732,",,W,2400",8.9,SNOW,",,W,",0.0,2018-10-17,"LAGUARDIA AIRPORT, NY US",40.77944,-73.88035,3.4
2018-10-17,TMIN,GHCND:USW00014732,",,W,2400",8.9,SNWD,",,W,2400",0.0,2018-10-17,"LAGUARDIA AIRPORT, NY US",40.77944,-73.88035,3.4
2018-10-17,TMIN,GHCND:USW00014732,",,W,2400",8.9,TAVG,"H,,S,",13.2,2018-10-17,"LAGUARDIA AIRPORT, NY US",40.77944,-73.88035,3.4
2018-10-17,TMIN,GHCND:USW00014732,",,W,2400",8.9,TMAX,",,W,2400",17.8,2018-10-17,"LAGUARDIA AIRPORT, NY US",40.77944,-73.88035,3.4
2018-10-17,TMIN,GHCND:USW00014732,",,W,2400",8.9,TMIN,",,W,2400",8.9,2018-10-17,"LAGUARDIA AIRPORT, NY US",40.77944,-73.88035,3.4
2018-10-17,TMIN,GHCND:USW00014732,",,W,2400",8.9,WDF2,",,W,",310.0,2018-10-17,"LAGUARDIA AIRPORT, NY US",40.77944,-73.88035,3.4
2018-10-17,TMIN,GHCND:USW00014732,",,W,2400",8.9,WDF5,",,W,",260.0,2018-10-17,"LAGUARDIA AIRPORT, NY US",40.77944,-73.88035,3.4
2018-10-17,TMIN,GHCND:USW00014732,",,W,2400",8.9,WSF2,",,W,",13.0,2018-10-17,"LAGUARDIA AIRPORT, NY US",40.77944,-73.88035,3.4
2018-10-17,TMIN,GHCND:USW00014732,",,W,2400",8.9,WSF5,",,W,",16.5,2018-10-17,"LAGUARDIA AIRPORT, NY US",40.77944,-73.88035,3.4
2018-10-18,TAVG,GHCND:USW00014732,"H,,S,",9.6,AWND,",,W,",6.6,2018-10-18,"LAGUARDIA AIRPORT, NY US",40.77944,-73.88035,3.4
2018-10-18,TAVG,GHCND:USW00014732,"H,,S,",9.6,PRCP,",,W,2400",0.0,2018-10-18,"LAGUARDIA AIRPORT, NY US",40.77944,-73.88035,3.4
2018-10-18,TAVG,GHCND:USW00014732,"H,,S,",9.6,SNOW,",,W,",0.0,2018-10-18,"LAGUARDIA AIRPORT, NY US",40.77944,-73.88035,3.4
2018-10-18,TAVG,GHCND:USW00014732,"H,,S,",9.6,SNWD,",,W,2400",0.0,2018-10-18,"LAGUARDIA AIRPORT, NY US",40.77944,-73.88035,3.4
2018-10-18,TAVG,GHCND:USW00014732,"H,,S,",9.6,TAVG,"H,,S,",9.6,2018-10-18,"LAGUARDIA AIRPORT, NY US",40.77944,-73.88035,3.4
2018-10-18,TAVG,GHCND:USW00014732,"H,,S,",9.6,TMAX,",,W,2400",11.7,2018-10-18,"LAGUARDIA AIRPORT, NY US",40.77944,-73.88035,3.4
2018-10-18,TAVG,GHCND:USW00014732,"H,,S,",9.6,TMIN,",,W,2400",6.7,2018-10-18,"LAGUARDIA AIRPORT, NY US",40.77944,-73.88035,3.4
2018-10-18,TAVG,GHCND:USW00014732,"H,,S,",9.6,WDF2,",,W,",320.0,2018-10-18,"LAGUARDIA AIRPORT, NY US",40.77944,-73.88035,3.4
2018-10-18,TAVG,GHCND:USW00014732,"H,,S,",9.6,WDF5,",,W,",320.0,2018-10-18,"LAGUARDIA AIRPORT, NY US",40.77944,-73.88035,3.4
2018-10-18,TAVG,GHCND:USW00014732,"H,,S,",9.6,WSF2,",,W,",10.7,2018-10-18,"LAGUARDIA AIRPORT, NY US",40.77944,-73.88035,3.4
2018-10-18,TAVG,GHCND:USW00014732,"H,,S,",9.6,WSF5,",,W,",15.2,2018-10-18,"LAGUARDIA AIRPORT, NY US",40.77944,-73.88035,3.4
2018-10-18,TMAX,GHCND:USW00014732,",,W,2400",11.7,AWND,",,W,",6.6,2018-10-18,"LAGUARDIA AIRPORT, NY US",40.77944,-73.88035,3.4
2018-10-18,TMAX,GHCND:USW00014732,",,W,2400",11.7,PRCP,",,W,2400",0.0,2018-10-18,"LAGUARDIA AIRPORT, NY US",40.77944,-73.88035,3.4
2018-10-18,TMAX,GHCND:USW00014732,",,W,2400",11.7,SNOW,",,W,",0.0,2018-10-18,"LAGUARDIA AIRPORT, NY US",40.77944,-73.88035,3.4
2018-10-18,TMAX,GHCND:USW00014732,",,W,2400",11.7,SNWD,",,W,2400",0.0,2018-10-18,"LAGUARDIA AIRPORT, NY US",40.77944,-73.88035,3.4
2018-10-18,TMAX,GHCND:USW00014732,",,W,2400",11.7,TAVG,"H,,S,",9.6,2018-10-18,"LAGUARDIA AIRPORT, NY US",40.77944,-73.88035,3.4
2018-10-18,TMAX,GHCND:USW00014732,",,W,2400",11.7,TMAX,",,W,2400",11.7,2018-10-18,"LAGUARDIA AIRPORT, NY US",40.77944,-73.88035,3.4
2018-10-18,TMAX,GHCND:USW00014732,",,W,2400",11.7,TMIN,",,W,2400",6.7,2018-10-18,"LAGUARDIA AIRPORT, NY US",40.77944,-73.88035,3.4
2018-10-18,TMAX,GHCND:USW00014732,",,W,2400",11.7,WDF2,",,W,",320.0,2018-10-18,"LAGUARDIA AIRPORT, NY US",40.77944,-73.88035,3.4
2018-10-18,TMAX,GHCND:USW00014732,",,W,2400",11.7,WDF5,",,W,",320.0,2018-10-18,"LAGUARDIA AIRPORT, NY US",40.77944,-73.88035,3.4
2018-10-18,TMAX,GHCND:USW00014732,",,W,2400",11.7,WSF2,",,W,",10.7,2018-10-18,"LAGUARDIA AIRPORT, NY US",40.77944,-73.88035,3.4
2018-10-18,TMAX,GHCND:USW00014732,",,W,2400",11.7,WSF5,",,W,",15.2,2018-10-18,"LAGUARDIA AIRPORT, NY US",40.77944,-73.88035,3.4
2018-10-18,TMIN,GHCND:USW00014732,",,W,2400",6.7,AWND,",,W,",6.6,2018-10-18,"LAGUARDIA AIRPORT, NY US",40.77944,-73.88035,3.4
2018-10-18,TMIN,GHCND:USW00014732,",,W,2400",6.7,PRCP,",,W,2400",0.0,2018-10-18,"LAGUARDIA AIRPORT, NY US",40.77944,-73.88035,3.4
2018-10-18,TMIN,GHCND:USW00014732,",,W,2400",6.7,SNOW,",,W,",0.0,2018-10-18,"LAGUARDIA AIRPORT, NY US",40.77944,-73.88035,3.4
2018-10-18,TMIN,GHCND:USW00014732,",,W,2400",6.7,SNWD,",,W,2400",0.0,2018-10-18,"LAGUARDIA AIRPORT, NY US",40.77944,-73.88035,3.4
2018-10-18,TMIN,GHCND:USW00014732,",,W,2400",6.7,TAVG,"H,,S,",9.6,2018-10-18,"LAGUARDIA AIRPORT, NY US",40.77944,-73.88035,3.4
2018-10-18,TMIN,GHCND:USW00014732,",,W,2400",6.7,TMAX,",,W,2400",11.7,2018-10-18,"LAGUARDIA AIRPORT, NY US",40.77944,-73.88035,3.4
2018-10-18,TMIN,GHCND:USW00014732,",,W,2400",6.7,TMIN,",,W,2400",6.7,2018-10-18,"LAGUARDIA AIRPORT, NY US",40.77944,-73.88035,3.4
2018-10-18,TMIN,GHCND:USW00014732,",,W,2400",6.7,WDF2,",,W,",320.0,2018-10-18,"LAGUARDIA AIRPORT, NY US",40.77944,-73.88035,3.4
2018-10-18,TMIN,GHCND:USW00014732,",,W,2400",6.7,WDF5,",,W,",320.0,2018-10-18,"LAGUARDIA AIRPORT, NY US",40.77944,-73.88035,3.4
2018-10-18,TMIN,GHCND:USW00014732,",,W,2400",6.7,WSF2,",,W,",10.7,2018-10-18,"LAGUARDIA AIRPORT, NY US",40.77944,-73.88035,3.4
2018-10-18,TMIN,GHCND:USW00014732,",,W,2400",6.7,WSF5,",,W,",15.2,2018-10-18,"LAGUARDIA AIRPORT, NY US",40.77944,-73.88035,3.4
2018-10-19,TAVG,GHCND:USW00014732,"H,,S,",11.3,AWND,",,W,",4.9,2018-10-19,"LAGUARDIA AIRPORT, NY US",40.77944,-73.88035,3.4
2018-10-19,TAVG,GHCND:USW00014732,"H,,S,",11.3,PRCP,",,W,2400",0.0,2018-10-19,"LAGUARDIA AIRPORT, NY US",40.77944,-73.88035,3.4
2018-10-19,TAVG,GHCND:USW00014732,"H,,S,",11.3,SNOW,",,W,",0.0,2018-10-19,"LAGUARDIA AIRPORT, NY US",40.77944,-73.88035,3.4
2018-10-19,TAVG,GHCND:USW00014732,"H,,S,",11.3,SNWD,",,W,2400",0.0,2018-10-19,"LAGUARDIA AIRPORT, NY US",40.77944,-73.88035,3.4
2018-10-19,TAVG,GHCND:USW00014732,"H,,S,",11.3,TAVG,"H,,S,",11.3,2018-10-19,"LAGUARDIA AIRPORT, NY US",40.77944,-73.88035,3.4
2018-10-19,TAVG,GHCND:USW00014732,"H,,S,",11.3,TMAX,",,W,2400",17.2,2018-10-19,"LAGUARDIA AIRPORT, NY US",40.77944,-73.88035,3.4
2018-10-19,TAVG,GHCND:USW00014732,"H,,S,",11.3,TMIN,",,W,2400",7.2,2018-10-19,"LAGUARDIA AIRPORT, NY US",40.77944,-73.88035,3.4
2018-10-19,TAVG,GHCND:USW00014732,"H,,S,",11.3,WDF2,",,W,",210.0,2018-10-19,"LAGUARDIA AIRPORT, NY US",40.77944,-73.88035,3.4
2018-10-19,TAVG,GHCND:USW00014732,"H,,S,",11.3,WDF5,",,W,",200.0,2018-10-19,"LAGUARDIA AIRPORT, NY US",40.77944,-73.88035,3.4
2018-10-19,TAVG,GHCND:USW00014732,"H,,S,",11.3,WSF2,",,W,",9.4,2018-10-19,"LAGUARDIA AIRPORT, NY US",40.77944,-73.88035,3.4
2018-10-19,TAVG,GHCND:USW00014732,"H,,S,",11.3,WSF5,",,W,",13.9,2018-10-19,"LAGUARDIA AIRPORT, NY US",40.77944,-73.88035,3.4
2018-10-19,TMAX,GHCND:USW00014732,",,W,2400",17.2,AWND,",,W,",4.9,2018-10-19,"LAGUARDIA AIRPORT, NY US",40.77944,-73.88035,3.4
2018-10-19,TMAX,GHCND:USW00014732,",,W,2400",17.2,PRCP,",,W,2400",0.0,2018-10-19,"LAGUARDIA AIRPORT, NY US",40.77944,-73.88035,3.4
2018-10-19,TMAX,GHCND:USW00014732,",,W,2400",17.2,SNOW,",,W,",0.0,2018-10-19,"LAGUARDIA AIRPORT, NY US",40.77944,-73.88035,3.4
2018-10-19,TMAX,GHCND:USW00014732,",,W,2400",17.2,SNWD,",,W,2400",0.0,2018-10-19,"LAGUARDIA AIRPORT, NY US",40.77944,-73.88035,3.4
2018-10-19,TMAX,GHCND:USW00014732,",,W,2400",17.2,TAVG,"H,,S,",11.3,2018-10-19,"LAGUARDIA AIRPORT, NY US",40.77944,-73.88035,3.4
2018-10-19,TMAX,GHCND:USW00014732,",,W,2400",17.2,TMAX,",,W,2400",17.2,2018-10-19,"LAGUARDIA AIRPORT, NY US",40.77944,-73.88035,3.4
2018-10-19,TMAX,GHCND:USW00014732,",,W,2400",17.2,TMIN,",,W,2400",7.2,2018-10-19,"LAGUARDIA AIRPORT, NY US",40.77944,-73.88035,3.4
2018-10-19,TMAX,GHCND:USW00014732,",,W,2400",17.2,WDF2,",,W,",210.0,2018-10-19,"LAGUARDIA AIRPORT, NY US",40.77944,-73.88035,3.4
2018-10-19,TMAX,GHCND:USW00014732,",,W,2400",17.2,WDF5,",,W,",200.0,2018-10-19,"LAGUARDIA AIRPORT, NY US",40.77944,-73.88035,3.4
2018-10-19,TMAX,GHCND:USW00014732,",,W,2400",17.2,WSF2,",,W,",9.4,2018-10-19,"LAGUARDIA AIRPORT, NY US",40.77944,-73.88035,3.4
2018-10-19,TMAX,GHCND:USW00014732,",,W,2400",17.2,WSF5,",,W,",13.9,2018-10-19,"LAGUARDIA AIRPORT, NY US",40.77944,-73.88035,3.4
2018-10-19,TMIN,GHCND:USW00014732,",,W,2400",7.2,AWND,",,W,",4.9,2018-10-19,"LAGUARDIA AIRPORT, NY US",40.77944,-73.88035,3.4
2018-10-19,TMIN,GHCND:USW00014732,",,W,2400",7.2,PRCP,",,W,2400",0.0,2018-10-19,"LAGUARDIA AIRPORT, NY US",40.77944,-73.88035,3.4
2018-10-19,TMIN,GHCND:USW00014732,",,W,2400",7.2,SNOW,",,W,",0.0,2018-10-19,"LAGUARDIA AIRPORT, NY US",40.77944,-73.88035,3.4
2018-10-19,TMIN,GHCND:USW00014732,",,W,2400",7.2,SNWD,",,W,2400",0.0,2018-10-19,"LAGUARDIA AIRPORT, NY US",40.77944,-73.88035,3.4
2018-10-19,TMIN,GHCND:USW00014732,",,W,2400",7.2,TAVG,"H,,S,",11.3,2018-10-19,"LAGUARDIA AIRPORT, NY US",40.77944,-73.88035,3.4
2018-10-19,TMIN,GHCND:USW00014732,",,W,2400",7.2,TMAX,",,W,2400",17.2,2018-10-19,"LAGUARDIA AIRPORT, NY US",40.77944,-73.88035,3.4
2018-10-19,TMIN,GHCND:USW00014732,",,W,2400",7.2,TMIN,",,W,2400",7.2,2018-10-19,"LAGUARDIA AIRPORT, NY US",40.77944,-73.88035,3.4
2018-10-19,TMIN,GHCND:USW00014732,",,W,2400",7.2,WDF2,",,W,",210.0,2018-10-19,"LAGUARDIA AIRPORT, NY US",40.77944,-73.88035,3.4
2018-10-19,TMIN,GHCND:USW00014732,",,W,2400",7.2,WDF5,",,W,",200.0,2018-10-19,"LAGUARDIA AIRPORT, NY US",40.77944,-73.88035,3.4
2018-10-19,TMIN,GHCND:USW00014732,",,W,2400",7.2,WSF2,",,W,",9.4,2018-10-19,"LAGUARDIA AIRPORT, NY US",40.77944,-73.88035,3.4
2018-10-19,TMIN,GHCND:USW00014732,",,W,2400",7.2,WSF5,",,W,",13.9,2018-10-19,"LAGUARDIA AIRPORT, NY US",40.77944,-73.88035,3.4
2018-10-20,TAVG,GHCND:USW00014732,"H,,S,",15.0,AWND,",,W,",5.2,2018-10-20,"LAGUARDIA AIRPORT, NY US",40.77944,-73.88035,3.4
2018-10-20,TAVG,GHCND:USW00014732,"H,,S,",15.0,PRCP,",,W,2400",1.8,2018-10-20,"LAGUARDIA AIRPORT, NY US",40.77944,-73.88035,3.4
2018-10-20,TAVG,GHCND:USW00014732,"H,,S,",15.0,SNOW,",,W,",0.0,2018-10-20,"LAGUARDIA AIRPORT, NY US",40.77944,-73.88035,3.4
2018-10-20,TAVG,GHCND:USW00014732,"H,,S,",15.0,SNWD,",,W,2400",0.0,2018-10-20,"LAGUARDIA AIRPORT, NY US",40.77944,-73.88035,3.4
2018-10-20,TAVG,GHCND:USW00014732,"H,,S,",15.0,TAVG,"H,,S,",15.0,2018-10-20,"LAGUARDIA AIRPORT, NY US",40.77944,-73.88035,3.4
2018-10-20,TAVG,GHCND:USW00014732,"H,,S,",15.0,TMAX,",,W,2400",18.3,2018-10-20,"LAGUARDIA AIRPORT, NY US",40.77944,-73.88035,3.4
2018-10-20,TAVG,GHCND:USW00014732,"H,,S,",15.0,TMIN,",,W,2400",12.2,2018-10-20,"LAGUARDIA AIRPORT, NY US",40.77944,-73.88035,3.4
2018-10-20,TAVG,GHCND:USW00014732,"H,,S,",15.0,WDF2,",,W,",310.0,2018-10-20,"LAGUARDIA AIRPORT, NY US",40.77944,-73.88035,3.4
2018-10-20,TAVG,GHCND:USW00014732,"H,,S,",15.0,WDF5,",,W,",260.0,2018-10-20,"LAGUARDIA AIRPORT, NY US",40.77944,-73.88035,3.4
2018-10-20,TAVG,GHCND:USW00014732,"H,,S,",15.0,WSF2,",,W,",9.4,2018-10-20,"LAGUARDIA AIRPORT, NY US",40.77944,-73.88035,3.4
2018-10-20,TAVG,GHCND:USW00014732,"H,,S,",15.0,WSF5,",,W,",12.1,2018-10-20,"LAGUARDIA AIRPORT, NY US",40.77944,-73.88035,3.4
2018-10-20,TMAX,GHCND:USW00014732,",,W,2400",18.3,AWND,",,W,",5.2,2018-10-20,"LAGUARDIA AIRPORT, NY US",40.77944,-73.88035,3.4
2018-10-20,TMAX,GHCND:USW00014732,",,W,2400",18.3,PRCP,",,W,2400",1.8,2018-10-20,"LAGUARDIA AIRPORT, NY US",40.77944,-73.88035,3.4
2018-10-20,TMAX,GHCND:USW00014732,",,W,2400",18.3,SNOW,",,W,",0.0,2018-10-20,"LAGUARDIA AIRPORT, NY US",40.77944,-73.88035,3.4
2018-10-20,TMAX,GHCND:USW00014732,",,W,2400",18.3,SNWD,",,W,2400",0.0,2018-10-20,"LAGUARDIA AIRPORT, NY US",40.77944,-73.88035,3.4
2018-10-20,TMAX,GHCND:USW00014732,",,W,2400",18.3,TAVG,"H,,S,",15.0,2018-10-20,"LAGUARDIA AIRPORT, NY US",40.77944,-73.88035,3.4
2018-10-20,TMAX,GHCND:USW00014732,",,W,2400",18.3,TMAX,",,W,2400",18.3,2018-10-20,"LAGUARDIA AIRPORT, NY US",40.77944,-73.88035,3.4
2018-10-20,TMAX,GHCND:USW00014732,",,W,2400",18.3,TMIN,",,W,2400",12.2,2018-10-20,"LAGUARDIA AIRPORT, NY US",40.77944,-73.88035,3.4
2018-10-20,TMAX,GHCND:USW00014732,",,W,2400",18.3,WDF2,",,W,",310.0,2018-10-20,"LAGUARDIA AIRPORT, NY US",40.77944,-73.88035,3.4
2018-10-20,TMAX,GHCND:USW00014732,",,W,2400",18.3,WDF5,",,W,",260.0,2018-10-20,"LAGUARDIA AIRPORT, NY US",40.77944,-73.88035,3.4
2018-10-20,TMAX,GHCND:USW00014732,",,W,2400",18.3,WSF2,",,W,",9.4,2018-10-20,"LAGUARDIA AIRPORT, NY US",40.77944,-73.88035,3.4
2018-10-20,TMAX,GHCND:USW00014732,",,W,2400",18.3,WSF5,",,W,",12.1,2018-10-20,"LAGUARDIA AIRPORT, NY US",40.77944,-73.88035,3.4
2018-10-20,TMIN,GHCND:USW00014732,",,W,2400",12.2,AWND,",,W,",5.2,2018-10-20,"LAGUARDIA AIRPORT, NY US",40.77944,-73.88035,3.4
2018-10-20,TMIN,GHCND:USW00014732,",,W,2400",12.2,PRCP,",,W,2400",1.8,2018-10-20,"LAGUARDIA AIRPORT, NY US",40.77944,-73.88035,3.4
2018-10-20,TMIN,GHCND:USW00014732,",,W,2400",12.2,SNOW,",,W,",0.0,2018-10-20,"LAGUARDIA AIRPORT, NY US",40.77944,-73.88035,3.4
2018-10-20,TMIN,GHCND:USW00014732,",,W,2400",12.2,SNWD,",,W,2400",0.0,2018-10-20,"LAGUARDIA AIRPORT, NY US",40.77944,-73.88035,3.4
2018-10-20,TMIN,GHCND:USW00014732,",,W,2400",12.2,TAVG,"H,,S,",15.0,2018-10-20,"LAGUARDIA AIRPORT, NY US",40.77944,-73.88035,3.4
2018-10-20,TMIN,GHCND:USW00014732,",,W,2400",12.2,TMAX,",,W,2400",18.3,2018-10-20,"LAGUARDIA AIRPORT, NY US",40.77944,-73.88035,3.4
2018-10-20,TMIN,GHCND:USW00014732,",,W,2400",12.2,TMIN,",,W,2400",12.2,2018-10-20,"LAGUARDIA AIRPORT, NY US",40.77944,-73.88035,3.4
2018-10-20,TMIN,GHCND:USW00014732,",,W,2400",12.2,WDF2,",,W,",310.0,2018-10-20,"LAGUARDIA AIRPORT, NY US",40.77944,-73.88035,3.4
2018-10-20,TMIN,GHCND:USW00014732,",,W,2400",12.2,WDF5,",,W,",260.0,2018-10-20,"LAGUARDIA AIRPORT, NY US",40.77944,-73.88035,3.4
2018-10-20,TMIN,GHCND:USW00014732,",,W,2400",12.2,WSF2,",,W,",9.4,2018-10-20,"LAGUARDIA AIRPORT, NY US",40.77944,-73.88035,3.4
2018-10-20,TMIN,GHCND:USW00014732,",,W,2400",12.2,WSF5,",,W,",12.1,2018-10-20,"LAGUARDIA AIRPORT, NY US",40.77944,-73.88035,3.4
2018-10-21,TAVG,GHCND:USW00014732,"H,,S,",10.7,AWND,",,W,",8.2,2018-10-21,"LAGUARDIA AIRPORT, NY US",40.77944,-73.88035,3.4
2018-10-21,TAVG,GHCND:USW00014732,"H,,S,",10.7,PRCP,"T,,W,2400",0.0,2018-10-21,"LAGUARDIA AIRPORT, NY US",40.77944,-73.88035,3.4
2018-10-21,TAVG,GHCND:USW00014732,"H,,S,",10.7,SNOW,",,W,",0.0,2018-10-21,"LAGUARDIA AIRPORT, NY US",40.77944,-73.88035,3.4
2018-10-21,TAVG,GHCND:USW00014732,"H,,S,",10.7,SNWD,",,W,2400",0.0,2018-10-21,"LAGUARDIA AIRPORT, NY US",40.77944,-73.88035,3.4
2018-10-21,TAVG,GHCND:USW00014732,"H,,S,",10.7,TAVG,"H,,S,",10.7,2018-10-21,"LAGUARDIA AIRPORT, NY US",40.77944,-73.88035,3.4
2018-10-21,TAVG,GHCND:USW00014732,"H,,S,",10.7,TMAX,",,W,2400",12.2,2018-10-21,"LAGUARDIA AIRPORT, NY US",40.77944,-73.88035,3.4
2018-10-21,TAVG,GHCND:USW00014732,"H,,S,",10.7,TMIN,",,W,2400",6.1,2018-10-21,"LAGUARDIA AIRPORT, NY US",40.77944,-73.88035,3.4
2018-10-21,TAVG,GHCND:USW00014732,"H,,S,",10.7,WDF2,",,W,",330.0,2018-10-21,"LAGUARDIA AIRPORT, NY US",40.77944,-73.88035,3.4
2018-10-21,TAVG,GHCND:USW00014732,"H,,S,",10.7,WDF5,",,W,",330.0,2018-10-21,"LAGUARDIA AIRPORT, NY US",40.77944,-73.88035,3.4
2018-10-21,TAVG,GHCND:USW00014732,"H,,S,",10.7,WSF2,",,W,",15.7,2018-10-21,"LAGUARDIA AIRPORT, NY US",40.77944,-73.88035,3.4
2018-10-21,TAVG,GHCND:USW00014732,"H,,S,",10.7,WSF5,",,W,",19.2,2018-10-21,"LAGUARDIA AIRPORT, NY US",40.77944,-73.88035,3.4
2018-10-21,TMAX,GHCND:USW00014732,",,W,2400",12.2,AWND,",,W,",8.2,2018-10-21,"LAGUARDIA AIRPORT, NY US",40.77944,-73.88035,3.4
2018-10-21,TMAX,GHCND:USW00014732,",,W,2400",12.2,PRCP,"T,,W,2400",0.0,2018-10-21,"LAGUARDIA AIRPORT, NY US",40.77944,-73.88035,3.4
2018-10-21,TMAX,GHCND:USW00014732,",,W,2400",12.2,SNOW,",,W,",0.0,2018-10-21,"LAGUARDIA AIRPORT, NY US",40.77944,-73.88035,3.4
2018-10-21,TMAX,GHCND:USW00014732,",,W,2400",12.2,SNWD,",,W,2400",0.0,2018-10-21,"LAGUARDIA AIRPORT, NY US",40.77944,-73.88035,3.4
2018-10-21,TMAX,GHCND:USW00014732,",,W,2400",12.2,TAVG,"H,,S,",10.7,2018-10-21,"LAGUARDIA AIRPORT, NY US",40.77944,-73.88035,3.4
2018-10-21,TMAX,GHCND:USW00014732,",,W,2400",12.2,TMAX,",,W,2400",12.2,2018-10-21,"LAGUARDIA AIRPORT, NY US",40.77944,-73.88035,3.4
2018-10-21,TMAX,GHCND:USW00014732,",,W,2400",12.2,TMIN,",,W,2400",6.1,2018-10-21,"LAGUARDIA AIRPORT, NY US",40.77944,-73.88035,3.4
2018-10-21,TMAX,GHCND:USW00014732,",,W,2400",12.2,WDF2,",,W,",330.0,2018-10-21,"LAGUARDIA AIRPORT, NY US",40.77944,-73.88035,3.4
2018-10-21,TMAX,GHCND:USW00014732,",,W,2400",12.2,WDF5,",,W,",330.0,2018-10-21,"LAGUARDIA AIRPORT, NY US",40.77944,-73.88035,3.4
2018-10-21,TMAX,GHCND:USW00014732,",,W,2400",12.2,WSF2,",,W,",15.7,2018-10-21,"LAGUARDIA AIRPORT, NY US",40.77944,-73.88035,3.4
2018-10-21,TMAX,GHCND:USW00014732,",,W,2400",12.2,WSF5,",,W,",19.2,2018-10-21,"LAGUARDIA AIRPORT, NY US",40.77944,-73.88035,3.4
2018-10-21,TMIN,GHCND:USW00014732,",,W,2400",6.1,AWND,",,W,",8.2,2018-10-21,"LAGUARDIA AIRPORT, NY US",40.77944,-73.88035,3.4
2018-10-21,TMIN,GHCND:USW00014732,",,W,2400",6.1,PRCP,"T,,W,2400",0.0,2018-10-21,"LAGUARDIA AIRPORT, NY US",40.77944,-73.88035,3.4
2018-10-21,TMIN,GHCND:USW00014732,",,W,2400",6.1,SNOW,",,W,",0.0,2018-10-21,"LAGUARDIA AIRPORT, NY US",40.77944,-73.88035,3.4
2018-10-21,TMIN,GHCND:USW00014732,",,W,2400",6.1,SNWD,",,W,2400",0.0,2018-10-21,"LAGUARDIA AIRPORT, NY US",40.77944,-73.88035,3.4
2018-10-21,TMIN,GHCND:USW00014732,",,W,2400",6.1,TAVG,"H,,S,",10.7,2018-10-21,"LAGUARDIA AIRPORT, NY US",40.77944,-73.88035,3.4
2018-10-21,TMIN,GHCND:USW00014732,",,W,2400",6.1,TMAX,",,W,2400",12.2,2018-10-21,"LAGUARDIA AIRPORT, NY US",40.77944,-73.88035,3.4
2018-10-21,TMIN,GHCND:USW00014732,",,W,2400",6.1,TMIN,",,W,2400",6.1,2018-10-21,"LAGUARDIA AIRPORT, NY US",40.77944,-73.88035,3.4
2018-10-21,TMIN,GHCND:USW00014732,",,W,2400",6.1,WDF2,",,W,",330.0,2018-10-21,"LAGUARDIA AIRPORT, NY US",40.77944,-73.88035,3.4
2018-10-21,TMIN,GHCND:USW00014732,",,W,2400",6.1,WDF5,",,W,",330.0,2018-10-21,"LAGUARDIA AIRPORT, NY US",40.77944,-73.88035,3.4
2018-10-21,TMIN,GHCND:USW00014732,",,W,2400",6.1,WSF2,",,W,",15.7,2018-10-21,"LAGUARDIA AIRPORT, NY US",40.77944,-73.88035,3.4
2018-10-21,TMIN,GHCND:USW00014732,",,W,2400",6.1,WSF5,",,W,",19.2,2018-10-21,"LAGUARDIA AIRPORT, NY US",40.77944,-73.88035,3.4
2018-10-22,TAVG,GHCND:USW00014732,"H,,S,",8.3,AWND,",,W,",4.3,2018-10-22,"LAGUARDIA AIRPORT, NY US",40.77944,-73.88035,3.4
2018-10-22,TAVG,GHCND:USW00014732,"H,,S,",8.3,PRCP,",,W,2400",0.0,2018-10-22,"LAGUARDIA AIRPORT, NY US",40.77944,-73.88035,3.4
2018-10-22,TAVG,GHCND:USW00014732,"H,,S,",8.3,SNOW,",,W,",0.0,2018-10-22,"LAGUARDIA AIRPORT, NY US",40.77944,-73.88035,3.4
2018-10-22,TAVG,GHCND:USW00014732,"H,,S,",8.3,SNWD,",,W,2400",0.0,2018-10-22,"LAGUARDIA AIRPORT, NY US",40.77944,-73.88035,3.4
2018-10-22,TAVG,GHCND:USW00014732,"H,,S,",8.3,TAVG,"H,,S,",8.3,2018-10-22,"LAGUARDIA AIRPORT, NY US",40.77944,-73.88035,3.4
2018-10-22,TAVG,GHCND:USW00014732,"H,,S,",8.3,TMAX,",,W,2400",11.1,2018-10-22,"LAGUARDIA AIRPORT, NY US",40.77944,-73.88035,3.4
2018-10-22,TAVG,GHCND:USW00014732,"H,,S,",8.3,TMIN,",,W,2400",5.6,2018-10-22,"LAGUARDIA AIRPORT, NY US",40.77944,-73.88035,3.4
2018-10-22,TAVG,GHCND:USW00014732,"H,,S,",8.3,WDF2,",,W,",250.0,2018-10-22,"LAGUARDIA AIRPORT, NY US",40.77944,-73.88035,3.4
2018-10-22,TAVG,GHCND:USW00014732,"H,,S,",8.3,WDF5,",,W,",260.0,2018-10-22,"LAGUARDIA AIRPORT, NY US",40.77944,-73.88035,3.4
2018-10-22,TAVG,GHCND:USW00014732,"H,,S,",8.3,WSF2,",,W,",7.6,2018-10-22,"LAGUARDIA AIRPORT, NY US",40.77944,-73.88035,3.4
2018-10-22,TAVG,GHCND:USW00014732,"H,,S,",8.3,WSF5,",,W,",9.8,2018-10-22,"LAGUARDIA AIRPORT, NY US",40.77944,-73.88035,3.4
2018-10-22,TMAX,GHCND:USW00014732,",,W,2400",11.1,AWND,",,W,",4.3,2018-10-22,"LAGUARDIA AIRPORT, NY US",40.77944,-73.88035,3.4
2018-10-22,TMAX,GHCND:USW00014732,",,W,2400",11.1,PRCP,",,W,2400",0.0,2018-10-22,"LAGUARDIA AIRPORT, NY US",40.77944,-73.88035,3.4
2018-10-22,TMAX,GHCND:USW00014732,",,W,2400",11.1,SNOW,",,W,",0.0,2018-10-22,"LAGUARDIA AIRPORT, NY US",40.77944,-73.88035,3.4
2018-10-22,TMAX,GHCND:USW00014732,",,W,2400",11.1,SNWD,",,W,2400",0.0,2018-10-22,"LAGUARDIA AIRPORT, NY US",40.77944,-73.88035,3.4
2018-10-22,TMAX,GHCND:USW00014732,",,W,2400",11.1,TAVG,"H,,S,",8.3,2018-10-22,"LAGUARDIA AIRPORT, NY US",40.77944,-73.88035,3.4
2018-10-22,TMAX,GHCND:USW00014732,",,W,2400",11.1,TMAX,",,W,2400",11.1,2018-10-22,"LAGUARDIA AIRPORT, NY US",40.77944,-73.88035,3.4
2018-10-22,TMAX,GHCND:USW00014732,",,W,2400",11.1,TMIN,",,W,2400",5.6,2018-10-22,"LAGUARDIA AIRPORT, NY US",40.77944,-73.88035,3.4
2018-10-22,TMAX,GHCND:USW00014732,",,W,2400",11.1,WDF2,",,W,",250.0,2018-10-22,"LAGUARDIA AIRPORT, NY US",40.77944,-73.88035,3.4
2018-10-22,TMAX,GHCND:USW00014732,",,W,2400",11.1,WDF5,",,W,",260.0,2018-10-22,"LAGUARDIA AIRPORT, NY US",40.77944,-73.88035,3.4
2018-10-22,TMAX,GHCND:USW00014732,",,W,2400",11.1,WSF2,",,W,",7.6,2018-10-22,"LAGUARDIA AIRPORT, NY US",40.77944,-73.88035,3.4
2018-10-22,TMAX,GHCND:USW00014732,",,W,2400",11.1,WSF5,",,W,",9.8,2018-10-22,"LAGUARDIA AIRPORT, NY US",40.77944,-73.88035,3.4
2018-10-22,TMIN,GHCND:USW00014732,",,W,2400",5.6,AWND,",,W,",4.3,2018-10-22,"LAGUARDIA AIRPORT, NY US",40.77944,-73.88035,3.4
2018-10-22,TMIN,GHCND:USW00014732,",,W,2400",5.6,PRCP,",,W,2400",0.0,2018-10-22,"LAGUARDIA AIRPORT, NY US",40.77944,-73.88035,3.4
2018-10-22,TMIN,GHCND:USW00014732,",,W,2400",5.6,SNOW,",,W,",0.0,2018-10-22,"LAGUARDIA AIRPORT, NY US",40.77944,-73.88035,3.4
2018-10-22,TMIN,GHCND:USW00014732,",,W,2400",5.6,SNWD,",,W,2400",0.0,2018-10-22,"LAGUARDIA AIRPORT, NY US",40.77944,-73.88035,3.4
2018-10-22,TMIN,GHCND:USW00014732,",,W,2400",5.6,TAVG,"H,,S,",8.3,2018-10-22,"LAGUARDIA AIRPORT, NY US",40.77944,-73.88035,3.4
2018-10-22,TMIN,GHCND:USW00014732,",,W,2400",5.6,TMAX,",,W,2400",11.1,2018-10-22,"LAGUARDIA AIRPORT, NY US",40.77944,-73.88035,3.4
2018-10-22,TMIN,GHCND:USW00014732,",,W,2400",5.6,TMIN,",,W,2400",5.6,2018-10-22,"LAGUARDIA AIRPORT, NY US",40.77944,-73.88035,3.4
2018-10-22,TMIN,GHCND:USW00014732,",,W,2400",5.6,WDF2,",,W,",250.0,2018-10-22,"LAGUARDIA AIRPORT, NY US",40.77944,-73.88035,3.4
2018-10-22,TMIN,GHCND:USW00014732,",,W,2400",5.6,WDF5,",,W,",260.0,2018-10-22,"LAGUARDIA AIRPORT, NY US",40.77944,-73.88035,3.4
2018-10-22,TMIN,GHCND:USW00014732,",,W,2400",5.6,WSF2,",,W,",7.6,2018-10-22,"LAGUARDIA AIRPORT, NY US",40.77944,-73.88035,3.4
2018-10-22,TMIN,GHCND:USW00014732,",,W,2400",5.6,WSF5,",,W,",9.8,2018-10-22,"LAGUARDIA AIRPORT, NY US",40.77944,-73.88035,3.4
2018-10-23,TAVG,GHCND:USW00014732,"H,,S,",12.6,AWND,",,W,",4.8,2018-10-23,"LAGUARDIA AIRPORT, NY US",40.77944,-73.88035,3.4
2018-10-23,TAVG,GHCND:USW00014732,"H,,S,",12.6,PRCP,"T,,W,2400",0.0,2018-10-23,"LAGUARDIA AIRPORT, NY US",40.77944,-73.88035,3.4
2018-10-23,TAVG,GHCND:USW00014732,"H,,S,",12.6,SNOW,",,W,",0.0,2018-10-23,"LAGUARDIA AIRPORT, NY US",40.77944,-73.88035,3.4
2018-10-23,TAVG,GHCND:USW00014732,"H,,S,",12.6,SNWD,",,W,2400",0.0,2018-10-23,"LAGUARDIA AIRPORT, NY US",40.77944,-73.88035,3.4
2018-10-23,TAVG,GHCND:USW00014732,"H,,S,",12.6,TAVG,"H,,S,",12.6,2018-10-23,"LAGUARDIA AIRPORT, NY US",40.77944,-73.88035,3.4
2018-10-23,TAVG,GHCND:USW00014732,"H,,S,",12.6,TMAX,",,W,2400",19.4,2018-10-23,"LAGUARDIA AIRPORT, NY US",40.77944,-73.88035,3.4
2018-10-23,TAVG,GHCND:USW00014732,"H,,S,",12.6,TMIN,",,W,2400",8.3,2018-10-23,"LAGUARDIA AIRPORT, NY US",40.77944,-73.88035,3.4
2018-10-23,TAVG,GHCND:USW00014732,"H,,S,",12.6,WDF2,",,W,",300.0,2018-10-23,"LAGUARDIA AIRPORT, NY US",40.77944,-73.88035,3.4
2018-10-23,TAVG,GHCND:USW00014732,"H,,S,",12.6,WDF5,",,W,",300.0,2018-10-23,"LAGUARDIA AIRPORT, NY US",40.77944,-73.88035,3.4
2018-10-23,TAVG,GHCND:USW00014732,"H,,S,",12.6,WSF2,",,W,",11.6,2018-10-23,"LAGUARDIA AIRPORT, NY US",40.77944,-73.88035,3.4
2018-10-23,TAVG,GHCND:USW00014732,"H,,S,",12.6,WSF5,",,W,",14.8,2018-10-23,"LAGUARDIA AIRPORT, NY US",40.77944,-73.88035,3.4
2018-10-23,TMAX,GHCND:USW00014732,",,W,2400",19.4,AWND,",,W,",4.8,2018-10-23,"LAGUARDIA AIRPORT, NY US",40.77944,-73.88035,3.4
2018-10-23,TMAX,GHCND:USW00014732,",,W,2400",19.4,PRCP,"T,,W,2400",0.0,2018-10-23,"LAGUARDIA AIRPORT, NY US",40.77944,-73.88035,3.4
2018-10-23,TMAX,GHCND:USW00014732,",,W,2400",19.4,SNOW,",,W,",0.0,2018-10-23,"LAGUARDIA AIRPORT, NY US",40.77944,-73.88035,3.4
2018-10-23,TMAX,GHCND:USW00014732,",,W,2400",19.4,SNWD,",,W,2400",0.0,2018-10-23,"LAGUARDIA AIRPORT, NY US",40.77944,-73.88035,3.4
2018-10-23,TMAX,GHCND:USW00014732,",,W,2400",19.4,TAVG,"H,,S,",12.6,2018-10-23,"LAGUARDIA AIRPORT, NY US",40.77944,-73.88035,3.4
2018-10-23,TMAX,GHCND:USW00014732,",,W,2400",19.4,TMAX,",,W,2400",19.4,2018-10-23,"LAGUARDIA AIRPORT, NY US",40.77944,-73.88035,3.4
2018-10-23,TMAX,GHCND:USW00014732,",,W,2400",19.4,TMIN,",,W,2400",8.3,2018-10-23,"LAGUARDIA AIRPORT, NY US",40.77944,-73.88035,3.4
2018-10-23,TMAX,GHCND:USW00014732,",,W,2400",19.4,WDF2,",,W,",300.0,2018-10-23,"LAGUARDIA AIRPORT, NY US",40.77944,-73.88035,3.4
2018-10-23,TMAX,GHCND:USW00014732,",,W,2400",19.4,WDF5,",,W,",300.0,2018-10-23,"LAGUARDIA AIRPORT, NY US",40.77944,-73.88035,3.4
2018-10-23,TMAX,GHCND:USW00014732,",,W,2400",19.4,WSF2,",,W,",11.6,2018-10-23,"LAGUARDIA AIRPORT, NY US",40.77944,-73.88035,3.4
2018-10-23,TMAX,GHCND:USW00014732,",,W,2400",19.4,WSF5,",,W,",14.8,2018-10-23,"LAGUARDIA AIRPORT, NY US",40.77944,-73.88035,3.4
2018-10-23,TMIN,GHCND:USW00014732,",,W,2400",8.3,AWND,",,W,",4.8,2018-10-23,"LAGUARDIA AIRPORT, NY US",40.77944,-73.88035,3.4
2018-10-23,TMIN,GHCND:USW00014732,",,W,2400",8.3,PRCP,"T,,W,2400",0.0,2018-10-23,"LAGUARDIA AIRPORT, NY US",40.77944,-73.88035,3.4
2018-10-23,TMIN,GHCND:USW00014732,",,W,2400",8.3,SNOW,",,W,",0.0,2018-10-23,"LAGUARDIA AIRPORT, NY US",40.77944,-73.88035,3.4
2018-10-23,TMIN,GHCND:USW00014732,",,W,2400",8.3,SNWD,",,W,2400",0.0,2018-10-23,"LAGUARDIA AIRPORT, NY US",40.77944,-73.88035,3.4
2018-10-23,TMIN,GHCND:USW00014732,",,W,2400",8.3,TAVG,"H,,S,",12.6,2018-10-23,"LAGUARDIA AIRPORT, NY US",40.77944,-73.88035,3.4
2018-10-23,TMIN,GHCND:USW00014732,",,W,2400",8.3,TMAX,",,W,2400",19.4,2018-10-23,"LAGUARDIA AIRPORT, NY US",40.77944,-73.88035,3.4
2018-10-23,TMIN,GHCND:USW00014732,",,W,2400",8.3,TMIN,",,W,2400",8.3,2018-10-23,"LAGUARDIA AIRPORT, NY US",40.77944,-73.88035,3.4
2018-10-23,TMIN,GHCND:USW00014732,",,W,2400",8.3,WDF2,",,W,",300.0,2018-10-23,"LAGUARDIA AIRPORT, NY US",40.77944,-73.88035,3.4
2018-10-23,TMIN,GHCND:USW00014732,",,W,2400",8.3,WDF5,",,W,",300.0,2018-10-23,"LAGUARDIA AIRPORT, NY US",40.77944,-73.88035,3.4
2018-10-23,TMIN,GHCND:USW00014732,",,W,2400",8.3,WSF2,",,W,",11.6,2018-10-23,"LAGUARDIA AIRPORT, NY US",40.77944,-73.88035,3.4
2018-10-23,TMIN,GHCND:USW00014732,",,W,2400",8.3,WSF5,",,W,",14.8,2018-10-23,"LAGUARDIA AIRPORT, NY US",40.77944,-73.88035,3.4
2018-10-24,TAVG,GHCND:USW00014732,"H,,S,",11.0,AWND,",,W,",8.1,2018-10-24,"LAGUARDIA AIRPORT, NY US",40.77944,-73.88035,3.4
2018-10-24,TAVG,GHCND:USW00014732,"H,,S,",11.0,PRCP,",,W,2400",0.0,2018-10-24,"LAGUARDIA AIRPORT, NY US",40.77944,-73.88035,3.4
2018-10-24,TAVG,GHCND:USW00014732,"H,,S,",11.0,SNOW,",,W,",0.0,2018-10-24,"LAGUARDIA AIRPORT, NY US",40.77944,-73.88035,3.4
2018-10-24,TAVG,GHCND:USW00014732,"H,,S,",11.0,SNWD,",,W,2400",0.0,2018-10-24,"LAGUARDIA AIRPORT, NY US",40.77944,-73.88035,3.4
2018-10-24,TAVG,GHCND:USW00014732,"H,,S,",11.0,TAVG,"H,,S,",11.0,2018-10-24,"LAGUARDIA AIRPORT, NY US",40.77944,-73.88035,3.4
2018-10-24,TAVG,GHCND:USW00014732,"H,,S,",11.0,TMAX,",,W,2400",13.3,2018-10-24,"LAGUARDIA AIRPORT, NY US",40.77944,-73.88035,3.4
2018-10-24,TAVG,GHCND:USW00014732,"H,,S,",11.0,TMIN,",,W,2400",7.8,2018-10-24,"LAGUARDIA AIRPORT, NY US",40.77944,-73.88035,3.4
2018-10-24,TAVG,GHCND:USW00014732,"H,,S,",11.0,WDF2,",,W,",290.0,2018-10-24,"LAGUARDIA AIRPORT, NY US",40.77944,-73.88035,3.4
2018-10-24,TAVG,GHCND:USW00014732,"H,,S,",11.0,WDF5,",,W,",290.0,2018-10-24,"LAGUARDIA AIRPORT, NY US",40.77944,-73.88035,3.4
2018-10-24,TAVG,GHCND:USW00014732,"H,,S,",11.0,WSF2,",,W,",13.0,2018-10-24,"LAGUARDIA AIRPORT, NY US",40.77944,-73.88035,3.4
2018-10-24,TAVG,GHCND:USW00014732,"H,,S,",11.0,WSF5,",,W,",15.2,2018-10-24,"LAGUARDIA AIRPORT, NY US",40.77944,-73.88035,3.4
2018-10-24,TMAX,GHCND:USW00014732,",,W,2400",13.3,AWND,",,W,",8.1,2018-10-24,"LAGUARDIA AIRPORT, NY US",40.77944,-73.88035,3.4
2018-10-24,TMAX,GHCND:USW00014732,",,W,2400",13.3,PRCP,",,W,2400",0.0,2018-10-24,"LAGUARDIA AIRPORT, NY US",40.77944,-73.88035,3.4
2018-10-24,TMAX,GHCND:USW00014732,",,W,2400",13.3,SNOW,",,W,",0.0,2018-10-24,"LAGUARDIA AIRPORT, NY US",40.77944,-73.88035,3.4
2018-10-24,TMAX,GHCND:USW00014732,",,W,2400",13.3,SNWD,",,W,2400",0.0,2018-10-24,"LAGUARDIA AIRPORT, NY US",40.77944,-73.88035,3.4
2018-10-24,TMAX,GHCND:USW00014732,",,W,2400",13.3,TAVG,"H,,S,",11.0,2018-10-24,"LAGUARDIA AIRPORT, NY US",40.77944,-73.88035,3.4
2018-10-24,TMAX,GHCND:USW00014732,",,W,2400",13.3,TMAX,",,W,2400",13.3,2018-10-24,"LAGUARDIA AIRPORT, NY US",40.77944,-73.88035,3.4
2018-10-24,TMAX,GHCND:USW00014732,",,W,2400",13.3,TMIN,",,W,2400",7.8,2018-10-24,"LAGUARDIA AIRPORT, NY US",40.77944,-73.88035,3.4
2018-10-24,TMAX,GHCND:USW00014732,",,W,2400",13.3,WDF2,",,W,",290.0,2018-10-24,"LAGUARDIA AIRPORT, NY US",40.77944,-73.88035,3.4
2018-10-24,TMAX,GHCND:USW00014732,",,W,2400",13.3,WDF5,",,W,",290.0,2018-10-24,"LAGUARDIA AIRPORT, NY US",40.77944,-73.88035,3.4
2018-10-24,TMAX,GHCND:USW00014732,",,W,2400",13.3,WSF2,",,W,",13.0,2018-10-24,"LAGUARDIA AIRPORT, NY US",40.77944,-73.88035,3.4
2018-10-24,TMAX,GHCND:USW00014732,",,W,2400",13.3,WSF5,",,W,",15.2,2018-10-24,"LAGUARDIA AIRPORT, NY US",40.77944,-73.88035,3.4
2018-10-24,TMIN,GHCND:USW00014732,",,W,2400",7.8,AWND,",,W,",8.1,2018-10-24,"LAGUARDIA AIRPORT, NY US",40.77944,-73.88035,3.4
2018-10-24,TMIN,GHCND:USW00014732,",,W,2400",7.8,PRCP,",,W,2400",0.0,2018-10-24,"LAGUARDIA AIRPORT, NY US",40.77944,-73.88035,3.4
2018-10-24,TMIN,GHCND:USW00014732,",,W,2400",7.8,SNOW,",,W,",0.0,2018-10-24,"LAGUARDIA AIRPORT, NY US",40.77944,-73.88035,3.4
2018-10-24,TMIN,GHCND:USW00014732,",,W,2400",7.8,SNWD,",,W,2400",0.0,2018-10-24,"LAGUARDIA AIRPORT, NY US",40.77944,-73.88035,3.4
2018-10-24,TMIN,GHCND:USW00014732,",,W,2400",7.8,TAVG,"H,,S,",11.0,2018-10-24,"LAGUARDIA AIRPORT, NY US",40.77944,-73.88035,3.4
2018-10-24,TMIN,GHCND:USW00014732,",,W,2400",7.8,TMAX,",,W,2400",13.3,2018-10-24,"LAGUARDIA AIRPORT, NY US",40.77944,-73.88035,3.4
2018-10-24,TMIN,GHCND:USW00014732,",,W,2400",7.8,TMIN,",,W,2400",7.8,2018-10-24,"LAGUARDIA AIRPORT, NY US",40.77944,-73.88035,3.4
2018-10-24,TMIN,GHCND:USW00014732,",,W,2400",7.8,WDF2,",,W,",290.0,2018-10-24,"LAGUARDIA AIRPORT, NY US",40.77944,-73.88035,3.4
2018-10-24,TMIN,GHCND:USW00014732,",,W,2400",7.8,WDF5,",,W,",290.0,2018-10-24,"LAGUARDIA AIRPORT, NY US",40.77944,-73.88035,3.4
2018-10-24,TMIN,GHCND:USW00014732,",,W,2400",7.8,WSF2,",,W,",13.0,2018-10-24,"LAGUARDIA AIRPORT, NY US",40.77944,-73.88035,3.4
2018-10-24,TMIN,GHCND:USW00014732,",,W,2400",7.8,WSF5,",,W,",15.2,2018-10-24,"LAGUARDIA AIRPORT, NY US",40.77944,-73.88035,3.4
2018-10-25,TAVG,GHCND:USW00014732,"H,,S,",8.8,AWND,",,W,",6.6,2018-10-25,"LAGUARDIA AIRPORT, NY US",40.77944,-73.88035,3.4
2018-10-25,TAVG,GHCND:USW00014732,"H,,S,",8.8,PRCP,",,W,2400",0.0,2018-10-25,"LAGUARDIA AIRPORT, NY US",40.77944,-73.88035,3.4
2018-10-25,TAVG,GHCND:USW00014732,"H,,S,",8.8,SNOW,",,W,",0.0,2018-10-25,"LAGUARDIA AIRPORT, NY US",40.77944,-73.88035,3.4
2018-10-25,TAVG,GHCND:USW00014732,"H,,S,",8.8,SNWD,",,W,2400",0.0,2018-10-25,"LAGUARDIA AIRPORT, NY US",40.77944,-73.88035,3.4
2018-10-25,TAVG,GHCND:USW00014732,"H,,S,",8.8,TAVG,"H,,S,",8.8,2018-10-25,"LAGUARDIA AIRPORT, NY US",40.77944,-73.88035,3.4
2018-10-25,TAVG,GHCND:USW00014732,"H,,S,",8.8,TMAX,",,W,2400",11.1,2018-10-25,"LAGUARDIA AIRPORT, NY US",40.77944,-73.88035,3.4
2018-10-25,TAVG,GHCND:USW00014732,"H,,S,",8.8,TMIN,",,W,2400",6.1,2018-10-25,"LAGUARDIA AIRPORT, NY US",40.77944,-73.88035,3.4
2018-10-25,TAVG,GHCND:USW00014732,"H,,S,",8.8,WDF2,",,W,",300.0,2018-10-25,"LAGUARDIA AIRPORT, NY US",40.77944,-73.88035,3.4
2018-10-25,TAVG,GHCND:USW00014732,"H,,S,",8.8,WDF5,",,W,",300.0,2018-10-25,"LAGUARDIA AIRPORT, NY US",40.77944,-73.88035,3.4
2018-10-25,TAVG,GHCND:USW00014732,"H,,S,",8.8,WSF2,",,W,",9.8,2018-10-25,"LAGUARDIA AIRPORT, NY US",40.77944,-73.88035,3.4
2018-10-25,TAVG,GHCND:USW00014732,"H,,S,",8.8,WSF5,",,W,",13.0,2018-10-25,"LAGUARDIA AIRPORT, NY US",40.77944,-73.88035,3.4
2018-10-25,TMAX,GHCND:USW00014732,",,W,2400",11.1,AWND,",,W,",6.6,2018-10-25,"LAGUARDIA AIRPORT, NY US",40.77944,-73.88035,3.4
2018-10-25,TMAX,GHCND:USW00014732,",,W,2400",11.1,PRCP,",,W,2400",0.0,2018-10-25,"LAGUARDIA AIRPORT, NY US",40.77944,-73.88035,3.4
2018-10-25,TMAX,GHCND:USW00014732,",,W,2400",11.1,SNOW,",,W,",0.0,2018-10-25,"LAGUARDIA AIRPORT, NY US",40.77944,-73.88035,3.4
2018-10-25,TMAX,GHCND:USW00014732,",,W,2400",11.1,SNWD,",,W,2400",0.0,2018-10-25,"LAGUARDIA AIRPORT, NY US",40.77944,-73.88035,3.4
2018-10-25,TMAX,GHCND:USW00014732,",,W,2400",11.1,TAVG,"H,,S,",8.8,2018-10-25,"LAGUARDIA AIRPORT, NY US",40.77944,-73.88035,3.4
2018-10-25,TMAX,GHCND:USW00014732,",,W,2400",11.1,TMAX,",,W,2400",11.1,2018-10-25,"LAGUARDIA AIRPORT, NY US",40.77944,-73.88035,3.4
2018-10-25,TMAX,GHCND:USW00014732,",,W,2400",11.1,TMIN,",,W,2400",6.1,2018-10-25,"LAGUARDIA AIRPORT, NY US",40.77944,-73.88035,3.4
2018-10-25,TMAX,GHCND:USW00014732,",,W,2400",11.1,WDF2,",,W,",300.0,2018-10-25,"LAGUARDIA AIRPORT, NY US",40.77944,-73.88035,3.4
2018-10-25,TMAX,GHCND:USW00014732,",,W,2400",11.1,WDF5,",,W,",300.0,2018-10-25,"LAGUARDIA AIRPORT, NY US",40.77944,-73.88035,3.4
2018-10-25,TMAX,GHCND:USW00014732,",,W,2400",11.1,WSF2,",,W,",9.8,2018-10-25,"LAGUARDIA AIRPORT, NY US",40.77944,-73.88035,3.4
2018-10-25,TMAX,GHCND:USW00014732,",,W,2400",11.1,WSF5,",,W,",13.0,2018-10-25,"LAGUARDIA AIRPORT, NY US",40.77944,-73.88035,3.4
2018-10-25,TMIN,GHCND:USW00014732,",,W,2400",6.1,AWND,",,W,",6.6,2018-10-25,"LAGUARDIA AIRPORT, NY US",40.77944,-73.88035,3.4
2018-10-25,TMIN,GHCND:USW00014732,",,W,2400",6.1,PRCP,",,W,2400",0.0,2018-10-25,"LAGUARDIA AIRPORT, NY US",40.77944,-73.88035,3.4
2018-10-25,TMIN,GHCND:USW00014732,",,W,2400",6.1,SNOW,",,W,",0.0,2018-10-25,"LAGUARDIA AIRPORT, NY US",40.77944,-73.88035,3.4
2018-10-25,TMIN,GHCND:USW00014732,",,W,2400",6.1,SNWD,",,W,2400",0.0,2018-10-25,"LAGUARDIA AIRPORT, NY US",40.77944,-73.88035,3.4
2018-10-25,TMIN,GHCND:USW00014732,",,W,2400",6.1,TAVG,"H,,S,",8.8,2018-10-25,"LAGUARDIA AIRPORT, NY US",40.77944,-73.88035,3.4
2018-10-25,TMIN,GHCND:USW00014732,",,W,2400",6.1,TMAX,",,W,2400",11.1,2018-10-25,"LAGUARDIA AIRPORT, NY US",40.77944,-73.88035,3.4
2018-10-25,TMIN,GHCND:USW00014732,",,W,2400",6.1,TMIN,",,W,2400",6.1,2018-10-25,"LAGUARDIA AIRPORT, NY US",40.77944,-73.88035,3.4
2018-10-25,TMIN,GHCND:USW00014732,",,W,2400",6.1,WDF2,",,W,",300.0,2018-10-25,"LAGUARDIA AIRPORT, NY US",40.77944,-73.88035,3.4
2018-10-25,TMIN,GHCND:USW00014732,",,W,2400",6.1,WDF5,",,W,",300.0,2018-10-25,"LAGUARDIA AIRPORT, NY US",40.77944,-73.88035,3.4
2018-10-25,TMIN,GHCND:USW00014732,",,W,2400",6.1,WSF2,",,W,",9.8,2018-10-25,"LAGUARDIA AIRPORT, NY US",40.77944,-73.88035,3.4
2018-10-25,TMIN,GHCND:USW00014732,",,W,2400",6.1,WSF5,",,W,",13.0,2018-10-25,"LAGUARDIA AIRPORT, NY US",40.77944,-73.88035,3.4
2018-10-26,TAVG,GHCND:USW00014732,"H,,S,",7.3,AWND,",,W,",3.4,2018-10-26,"LAGUARDIA AIRPORT, NY US",40.77944,-73.88035,3.4
2018-10-26,TAVG,GHCND:USW00014732,"H,,S,",7.3,PRCP,"T,,W,2400",0.0,2018-10-26,"LAGUARDIA AIRPORT, NY US",40.77944,-73.88035,3.4
2018-10-26,TAVG,GHCND:USW00014732,"H,,S,",7.3,SNOW,",,W,",0.0,2018-10-26,"LAGUARDIA AIRPORT, NY US",40.77944,-73.88035,3.4
2018-10-26,TAVG,GHCND:USW00014732,"H,,S,",7.3,SNWD,",,W,2400",0.0,2018-10-26,"LAGUARDIA AIRPORT, NY US",40.77944,-73.88035,3.4
2018-10-26,TAVG,GHCND:USW00014732,"H,,S,",7.3,TAVG,"H,,S,",7.3,2018-10-26,"LAGUARDIA AIRPORT, NY US",40.77944,-73.88035,3.4
2018-10-26,TAVG,GHCND:USW00014732,"H,,S,",7.3,TMAX,",,W,2400",10.0,2018-10-26,"LAGUARDIA AIRPORT, NY US",40.77944,-73.88035,3.4
2018-10-26,TAVG,GHCND:USW00014732,"H,,S,",7.3,TMIN,",,W,2400",5.6,2018-10-26,"LAGUARDIA AIRPORT, NY US",40.77944,-73.88035,3.4
2018-10-26,TAVG,GHCND:USW00014732,"H,,S,",7.3,WDF2,",,W,",70.0,2018-10-26,"LAGUARDIA AIRPORT, NY US",40.77944,-73.88035,3.4
2018-10-26,TAVG,GHCND:USW00014732,"H,,S,",7.3,WDF5,",,W,",80.0,2018-10-26,"LAGUARDIA AIRPORT, NY US",40.77944,-73.88035,3.4
2018-10-26,TAVG,GHCND:USW00014732,"H,,S,",7.3,WSF2,",,W,",7.6,2018-10-26,"LAGUARDIA AIRPORT, NY US",40.77944,-73.88035,3.4
2018-10-26,TAVG,GHCND:USW00014732,"H,,S,",7.3,WSF5,",,W,",10.3,2018-10-26,"LAGUARDIA AIRPORT, NY US",40.77944,-73.88035,3.4
2018-10-26,TMAX,GHCND:USW00014732,",,W,2400",10.0,AWND,",,W,",3.4,2018-10-26,"LAGUARDIA AIRPORT, NY US",40.77944,-73.88035,3.4
2018-10-26,TMAX,GHCND:USW00014732,",,W,2400",10.0,PRCP,"T,,W,2400",0.0,2018-10-26,"LAGUARDIA AIRPORT, NY US",40.77944,-73.88035,3.4
2018-10-26,TMAX,GHCND:USW00014732,",,W,2400",10.0,SNOW,",,W,",0.0,2018-10-26,"LAGUARDIA AIRPORT, NY US",40.77944,-73.88035,3.4
2018-10-26,TMAX,GHCND:USW00014732,",,W,2400",10.0,SNWD,",,W,2400",0.0,2018-10-26,"LAGUARDIA AIRPORT, NY US",40.77944,-73.88035,3.4
2018-10-26,TMAX,GHCND:USW00014732,",,W,2400",10.0,TAVG,"H,,S,",7.3,2018-10-26,"LAGUARDIA AIRPORT, NY US",40.77944,-73.88035,3.4
2018-10-26,TMAX,GHCND:USW00014732,",,W,2400",10.0,TMAX,",,W,2400",10.0,2018-10-26,"LAGUARDIA AIRPORT, NY US",40.77944,-73.88035,3.4
2018-10-26,TMAX,GHCND:USW00014732,",,W,2400",10.0,TMIN,",,W,2400",5.6,2018-10-26,"LAGUARDIA AIRPORT, NY US",40.77944,-73.88035,3.4
2018-10-26,TMAX,GHCND:USW00014732,",,W,2400",10.0,WDF2,",,W,",70.0,2018-10-26,"LAGUARDIA AIRPORT, NY US",40.77944,-73.88035,3.4
2018-10-26,TMAX,GHCND:USW00014732,",,W,2400",10.0,WDF5,",,W,",80.0,2018-10-26,"LAGUARDIA AIRPORT, NY US",40.77944,-73.88035,3.4
2018-10-26,TMAX,GHCND:USW00014732,",,W,2400",10.0,WSF2,",,W,",7.6,2018-10-26,"LAGUARDIA AIRPORT, NY US",40.77944,-73.88035,3.4
2018-10-26,TMAX,GHCND:USW00014732,",,W,2400",10.0,WSF5,",,W,",10.3,2018-10-26,"LAGUARDIA AIRPORT, NY US",40.77944,-73.88035,3.4
2018-10-26,TMIN,GHCND:USW00014732,",,W,2400",5.6,AWND,",,W,",3.4,2018-10-26,"LAGUARDIA AIRPORT, NY US",40.77944,-73.88035,3.4
2018-10-26,TMIN,GHCND:USW00014732,",,W,2400",5.6,PRCP,"T,,W,2400",0.0,2018-10-26,"LAGUARDIA AIRPORT, NY US",40.77944,-73.88035,3.4
2018-10-26,TMIN,GHCND:USW00014732,",,W,2400",5.6,SNOW,",,W,",0.0,2018-10-26,"LAGUARDIA AIRPORT, NY US",40.77944,-73.88035,3.4
2018-10-26,TMIN,GHCND:USW00014732,",,W,2400",5.6,SNWD,",,W,2400",0.0,2018-10-26,"LAGUARDIA AIRPORT, NY US",40.77944,-73.88035,3.4
2018-10-26,TMIN,GHCND:USW00014732,",,W,2400",5.6,TAVG,"H,,S,",7.3,2018-10-26,"LAGUARDIA AIRPORT, NY US",40.77944,-73.88035,3.4
2018-10-26,TMIN,GHCND:USW00014732,",,W,2400",5.6,TMAX,",,W,2400",10.0,2018-10-26,"LAGUARDIA AIRPORT, NY US",40.77944,-73.88035,3.4
2018-10-26,TMIN,GHCND:USW00014732,",,W,2400",5.6,TMIN,",,W,2400",5.6,2018-10-26,"LAGUARDIA AIRPORT, NY US",40.77944,-73.88035,3.4
2018-10-26,TMIN,GHCND:USW00014732,",,W,2400",5.6,WDF2,",,W,",70.0,2018-10-26,"LAGUARDIA AIRPORT, NY US",40.77944,-73.88035,3.4
2018-10-26,TMIN,GHCND:USW00014732,",,W,2400",5.6,WDF5,",,W,",80.0,2018-10-26,"LAGUARDIA AIRPORT, NY US",40.77944,-73.88035,3.4
2018-10-26,TMIN,GHCND:USW00014732,",,W,2400",5.6,WSF2,",,W,",7.6,2018-10-26,"LAGUARDIA AIRPORT, NY US",40.77944,-73.88035,3.4
2018-10-26,TMIN,GHCND:USW00014732,",,W,2400",5.6,WSF5,",,W,",10.3,2018-10-26,"LAGUARDIA AIRPORT, NY US",40.77944,-73.88035,3.4
2018-10-27,TAVG,GHCND:USW00014732,"H,,S,",9.4,AWND,",,W,",10.0,2018-10-27,"LAGUARDIA AIRPORT, NY US",40.77944,-73.88035,3.4
2018-10-27,TAVG,GHCND:USW00014732,"H,,S,",9.4,PRCP,",,W,2400",25.7,2018-10-27,"LAGUARDIA AIRPORT, NY US",40.77944,-73.88035,3.4
2018-10-27,TAVG,GHCND:USW00014732,"H,,S,",9.4,SNOW,",,W,",0.0,2018-10-27,"LAGUARDIA AIRPORT, NY US",40.77944,-73.88035,3.4
2018-10-27,TAVG,GHCND:USW00014732,"H,,S,",9.4,SNWD,",,W,2400",0.0,2018-10-27,"LAGUARDIA AIRPORT, NY US",40.77944,-73.88035,3.4
2018-10-27,TAVG,GHCND:USW00014732,"H,,S,",9.4,TAVG,"H,,S,",9.4,2018-10-27,"LAGUARDIA AIRPORT, NY US",40.77944,-73.88035,3.4
2018-10-27,TAVG,GHCND:USW00014732,"H,,S,",9.4,TMAX,",,W,2400",11.7,2018-10-27,"LAGUARDIA AIRPORT, NY US",40.77944,-73.88035,3.4
2018-10-27,TAVG,GHCND:USW00014732,"H,,S,",9.4,TMIN,",,W,2400",7.2,2018-10-27,"LAGUARDIA AIRPORT, NY US",40.77944,-73.88035,3.4
2018-10-27,TAVG,GHCND:USW00014732,"H,,S,",9.4,WDF2,",,W,",50.0,2018-10-27,"LAGUARDIA AIRPORT, NY US",40.77944,-73.88035,3.4
2018-10-27,TAVG,GHCND:USW00014732,"H,,S,",9.4,WDF5,",,W,",50.0,2018-10-27,"LAGUARDIA AIRPORT, NY US",40.77944,-73.88035,3.4
2018-10-27,TAVG,GHCND:USW00014732,"H,,S,",9.4,WSF2,",,W,",18.3,2018-10-27,"LAGUARDIA AIRPORT, NY US",40.77944,-73.88035,3.4
2018-10-27,TAVG,GHCND:USW00014732,"H,,S,",9.4,WSF5,",,W,",22.4,2018-10-27,"LAGUARDIA AIRPORT, NY US",40.77944,-73.88035,3.4
2018-10-27,TAVG,GHCND:USW00014732,"H,,S,",9.4,WT01,",,W,",1.0,2018-10-27,"LAGUARDIA AIRPORT, NY US",40.77944,-73.88035,3.4
2018-10-27,TMAX,GHCND:USW00014732,",,W,2400",11.7,AWND,",,W,",10.0,2018-10-27,"LAGUARDIA AIRPORT, NY US",40.77944,-73.88035,3.4
2018-10-27,TMAX,GHCND:USW00014732,",,W,2400",11.7,PRCP,",,W,2400",25.7,2018-10-27,"LAGUARDIA AIRPORT, NY US",40.77944,-73.88035,3.4
2018-10-27,TMAX,GHCND:USW00014732,",,W,2400",11.7,SNOW,",,W,",0.0,2018-10-27,"LAGUARDIA AIRPORT, NY US",40.77944,-73.88035,3.4
2018-10-27,TMAX,GHCND:USW00014732,",,W,2400",11.7,SNWD,",,W,2400",0.0,2018-10-27,"LAGUARDIA AIRPORT, NY US",40.77944,-73.88035,3.4
2018-10-27,TMAX,GHCND:USW00014732,",,W,2400",11.7,TAVG,"H,,S,",9.4,2018-10-27,"LAGUARDIA AIRPORT, NY US",40.77944,-73.88035,3.4
2018-10-27,TMAX,GHCND:USW00014732,",,W,2400",11.7,TMAX,",,W,2400",11.7,2018-10-27,"LAGUARDIA AIRPORT, NY US",40.77944,-73.88035,3.4
2018-10-27,TMAX,GHCND:USW00014732,",,W,2400",11.7,TMIN,",,W,2400",7.2,2018-10-27,"LAGUARDIA AIRPORT, NY US",40.77944,-73.88035,3.4
2018-10-27,TMAX,GHCND:USW00014732,",,W,2400",11.7,WDF2,",,W,",50.0,2018-10-27,"LAGUARDIA AIRPORT, NY US",40.77944,-73.88035,3.4
2018-10-27,TMAX,GHCND:USW00014732,",,W,2400",11.7,WDF5,",,W,",50.0,2018-10-27,"LAGUARDIA AIRPORT, NY US",40.77944,-73.88035,3.4
2018-10-27,TMAX,GHCND:USW00014732,",,W,2400",11.7,WSF2,",,W,",18.3,2018-10-27,"LAGUARDIA AIRPORT, NY US",40.77944,-73.88035,3.4
2018-10-27,TMAX,GHCND:USW00014732,",,W,2400",11.7,WSF5,",,W,",22.4,2018-10-27,"LAGUARDIA AIRPORT, NY US",40.77944,-73.88035,3.4
2018-10-27,TMAX,GHCND:USW00014732,",,W,2400",11.7,WT01,",,W,",1.0,2018-10-27,"LAGUARDIA AIRPORT, NY US",40.77944,-73.88035,3.4
2018-10-27,TMIN,GHCND:USW00014732,",,W,2400",7.2,AWND,",,W,",10.0,2018-10-27,"LAGUARDIA AIRPORT, NY US",40.77944,-73.88035,3.4
2018-10-27,TMIN,GHCND:USW00014732,",,W,2400",7.2,PRCP,",,W,2400",25.7,2018-10-27,"LAGUARDIA AIRPORT, NY US",40.77944,-73.88035,3.4
2018-10-27,TMIN,GHCND:USW00014732,",,W,2400",7.2,SNOW,",,W,",0.0,2018-10-27,"LAGUARDIA AIRPORT, NY US",40.77944,-73.88035,3.4
2018-10-27,TMIN,GHCND:USW00014732,",,W,2400",7.2,SNWD,",,W,2400",0.0,2018-10-27,"LAGUARDIA AIRPORT, NY US",40.77944,-73.88035,3.4
2018-10-27,TMIN,GHCND:USW00014732,",,W,2400",7.2,TAVG,"H,,S,",9.4,2018-10-27,"LAGUARDIA AIRPORT, NY US",40.77944,-73.88035,3.4
2018-10-27,TMIN,GHCND:USW00014732,",,W,2400",7.2,TMAX,",,W,2400",11.7,2018-10-27,"LAGUARDIA AIRPORT, NY US",40.77944,-73.88035,3.4
2018-10-27,TMIN,GHCND:USW00014732,",,W,2400",7.2,TMIN,",,W,2400",7.2,2018-10-27,"LAGUARDIA AIRPORT, NY US",40.77944,-73.88035,3.4
2018-10-27,TMIN,GHCND:USW00014732,",,W,2400",7.2,WDF2,",,W,",50.0,2018-10-27,"LAGUARDIA AIRPORT, NY US",40.77944,-73.88035,3.4
2018-10-27,TMIN,GHCND:USW00014732,",,W,2400",7.2,WDF5,",,W,",50.0,2018-10-27,"LAGUARDIA AIRPORT, NY US",40.77944,-73.88035,3.4
2018-10-27,TMIN,GHCND:USW00014732,",,W,2400",7.2,WSF2,",,W,",18.3,2018-10-27,"LAGUARDIA AIRPORT, NY US",40.77944,-73.88035,3.4
2018-10-27,TMIN,GHCND:USW00014732,",,W,2400",7.2,WSF5,",,W,",22.4,2018-10-27,"LAGUARDIA AIRPORT, NY US",40.77944,-73.88035,3.4
2018-10-27,TMIN,GHCND:USW00014732,",,W,2400",7.2,WT01,",,W,",1.0,2018-10-27,"LAGUARDIA AIRPORT, NY US",40.77944,-73.88035,3.4
2018-10-28,TAVG,GHCND:USW00014732,"H,,S,",10.2,AWND,",,W,",4.2,2018-10-28,"LAGUARDIA AIRPORT, NY US",40.77944,-73.88035,3.4
2018-10-28,TAVG,GHCND:USW00014732,"H,,S,",10.2,PRCP,",,W,2400",1.3,2018-10-28,"LAGUARDIA AIRPORT, NY US",40.77944,-73.88035,3.4
2018-10-28,TAVG,GHCND:USW00014732,"H,,S,",10.2,SNOW,",,W,",0.0,2018-10-28,"LAGUARDIA AIRPORT, NY US",40.77944,-73.88035,3.4
2018-10-28,TAVG,GHCND:USW00014732,"H,,S,",10.2,SNWD,",,W,2400",0.0,2018-10-28,"LAGUARDIA AIRPORT, NY US",40.77944,-73.88035,3.4
2018-10-28,TAVG,GHCND:USW00014732,"H,,S,",10.2,TAVG,"H,,S,",10.2,2018-10-28,"LAGUARDIA AIRPORT, NY US",40.77944,-73.88035,3.4
2018-10-28,TAVG,GHCND:USW00014732,"H,,S,",10.2,TMAX,",,W,2400",12.2,2018-10-28,"LAGUARDIA AIRPORT, NY US",40.77944,-73.88035,3.4
2018-10-28,TAVG,GHCND:USW00014732,"H,,S,",10.2,TMIN,",,W,2400",8.3,2018-10-28,"LAGUARDIA AIRPORT, NY US",40.77944,-73.88035,3.4
2018-10-28,TAVG,GHCND:USW00014732,"H,,S,",10.2,WDF2,",,W,",260.0,2018-10-28,"LAGUARDIA AIRPORT, NY US",40.77944,-73.88035,3.4
2018-10-28,TAVG,GHCND:USW00014732,"H,,S,",10.2,WDF5,",,W,",270.0,2018-10-28,"LAGUARDIA AIRPORT, NY US",40.77944,-73.88035,3.4
2018-10-28,TAVG,GHCND:USW00014732,"H,,S,",10.2,WSF2,",,W,",7.6,2018-10-28,"LAGUARDIA AIRPORT, NY US",40.77944,-73.88035,3.4
2018-10-28,TAVG,GHCND:USW00014732,"H,,S,",10.2,WSF5,",,W,",9.4,2018-10-28,"LAGUARDIA AIRPORT, NY US",40.77944,-73.88035,3.4
2018-10-28,TAVG,GHCND:USW00014732,"H,,S,",10.2,WT01,",,W,",1.0,2018-10-28,"LAGUARDIA AIRPORT, NY US",40.77944,-73.88035,3.4
2018-10-28,TMAX,GHCND:USW00014732,",,W,2400",12.2,AWND,",,W,",4.2,2018-10-28,"LAGUARDIA AIRPORT, NY US",40.77944,-73.88035,3.4
2018-10-28,TMAX,GHCND:USW00014732,",,W,2400",12.2,PRCP,",,W,2400",1.3,2018-10-28,"LAGUARDIA AIRPORT, NY US",40.77944,-73.88035,3.4
2018-10-28,TMAX,GHCND:USW00014732,",,W,2400",12.2,SNOW,",,W,",0.0,2018-10-28,"LAGUARDIA AIRPORT, NY US",40.77944,-73.88035,3.4
2018-10-28,TMAX,GHCND:USW00014732,",,W,2400",12.2,SNWD,",,W,2400",0.0,2018-10-28,"LAGUARDIA AIRPORT, NY US",40.77944,-73.88035,3.4
2018-10-28,TMAX,GHCND:USW00014732,",,W,2400",12.2,TAVG,"H,,S,",10.2,2018-10-28,"LAGUARDIA AIRPORT, NY US",40.77944,-73.88035,3.4
2018-10-28,TMAX,GHCND:USW00014732,",,W,2400",12.2,TMAX,",,W,2400",12.2,2018-10-28,"LAGUARDIA AIRPORT, NY US",40.77944,-73.88035,3.4
2018-10-28,TMAX,GHCND:USW00014732,",,W,2400",12.2,TMIN,",,W,2400",8.3,2018-10-28,"LAGUARDIA AIRPORT, NY US",40.77944,-73.88035,3.4
2018-10-28,TMAX,GHCND:USW00014732,",,W,2400",12.2,WDF2,",,W,",260.0,2018-10-28,"LAGUARDIA AIRPORT, NY US",40.77944,-73.88035,3.4
2018-10-28,TMAX,GHCND:USW00014732,",,W,2400",12.2,WDF5,",,W,",270.0,2018-10-28,"LAGUARDIA AIRPORT, NY US",40.77944,-73.88035,3.4
2018-10-28,TMAX,GHCND:USW00014732,",,W,2400",12.2,WSF2,",,W,",7.6,2018-10-28,"LAGUARDIA AIRPORT, NY US",40.77944,-73.88035,3.4
2018-10-28,TMAX,GHCND:USW00014732,",,W,2400",12.2,WSF5,",,W,",9.4,2018-10-28,"LAGUARDIA AIRPORT, NY US",40.77944,-73.88035,3.4
2018-10-28,TMAX,GHCND:USW00014732,",,W,2400",12.2,WT01,",,W,",1.0,2018-10-28,"LAGUARDIA AIRPORT, NY US",40.77944,-73.88035,3.4
2018-10-28,TMIN,GHCND:USW00014732,",,W,2400",8.3,AWND,",,W,",4.2,2018-10-28,"LAGUARDIA AIRPORT, NY US",40.77944,-73.88035,3.4
2018-10-28,TMIN,GHCND:USW00014732,",,W,2400",8.3,PRCP,",,W,2400",1.3,2018-10-28,"LAGUARDIA AIRPORT, NY US",40.77944,-73.88035,3.4
2018-10-28,TMIN,GHCND:USW00014732,",,W,2400",8.3,SNOW,",,W,",0.0,2018-10-28,"LAGUARDIA AIRPORT, NY US",40.77944,-73.88035,3.4
2018-10-28,TMIN,GHCND:USW00014732,",,W,2400",8.3,SNWD,",,W,2400",0.0,2018-10-28,"LAGUARDIA AIRPORT, NY US",40.77944,-73.88035,3.4
2018-10-28,TMIN,GHCND:USW00014732,",,W,2400",8.3,TAVG,"H,,S,",10.2,2018-10-28,"LAGUARDIA AIRPORT, NY US",40.77944,-73.88035,3.4
2018-10-28,TMIN,GHCND:USW00014732,",,W,2400",8.3,TMAX,",,W,2400",12.2,2018-10-28,"LAGUARDIA AIRPORT, NY US",40.77944,-73.88035,3.4
2018-10-28,TMIN,GHCND:USW00014732,",,W,2400",8.3,TMIN,",,W,2400",8.3,2018-10-28,"LAGUARDIA AIRPORT, NY US",40.77944,-73.88035,3.4
2018-10-28,TMIN,GHCND:USW00014732,",,W,2400",8.3,WDF2,",,W,",260.0,2018-10-28,"LAGUARDIA AIRPORT, NY US",40.77944,-73.88035,3.4
2018-10-28,TMIN,GHCND:USW00014732,",,W,2400",8.3,WDF5,",,W,",270.0,2018-10-28,"LAGUARDIA AIRPORT, NY US",40.77944,-73.88035,3.4
2018-10-28,TMIN,GHCND:USW00014732,",,W,2400",8.3,WSF2,",,W,",7.6,2018-10-28,"LAGUARDIA AIRPORT, NY US",40.77944,-73.88035,3.4
2018-10-28,TMIN,GHCND:USW00014732,",,W,2400",8.3,WSF5,",,W,",9.4,2018-10-28,"LAGUARDIA AIRPORT, NY US",40.77944,-73.88035,3.4
2018-10-28,TMIN,GHCND:USW00014732,",,W,2400",8.3,WT01,",,W,",1.0,2018-10-28,"LAGUARDIA AIRPORT, NY US",40.77944,-73.88035,3.4
2018-10-29,TAVG,GHCND:USW00014732,"H,,S,",11.8,AWND,",,W,",5.7,2018-10-29,"LAGUARDIA AIRPORT, NY US",40.77944,-73.88035,3.4
2018-10-29,TAVG,GHCND:USW00014732,"H,,S,",11.8,PRCP,",,W,2400",0.8,2018-10-29,"LAGUARDIA AIRPORT, NY US",40.77944,-73.88035,3.4
2018-10-29,TAVG,GHCND:USW00014732,"H,,S,",11.8,SNOW,",,W,",0.0,2018-10-29,"LAGUARDIA AIRPORT, NY US",40.77944,-73.88035,3.4
2018-10-29,TAVG,GHCND:USW00014732,"H,,S,",11.8,SNWD,",,W,2400",0.0,2018-10-29,"LAGUARDIA AIRPORT, NY US",40.77944,-73.88035,3.4
2018-10-29,TAVG,GHCND:USW00014732,"H,,S,",11.8,TAVG,"H,,S,",11.8,2018-10-29,"LAGUARDIA AIRPORT, NY US",40.77944,-73.88035,3.4
2018-10-29,TAVG,GHCND:USW00014732,"H,,S,",11.8,TMAX,",,W,2400",14.4,2018-10-29,"LAGUARDIA AIRPORT, NY US",40.77944,-73.88035,3.4
2018-10-29,TAVG,GHCND:USW00014732,"H,,S,",11.8,TMIN,",,W,2400",9.4,2018-10-29,"LAGUARDIA AIRPORT, NY US",40.77944,-73.88035,3.4
2018-10-29,TAVG,GHCND:USW00014732,"H,,S,",11.8,WDF2,",,W,",300.0,2018-10-29,"LAGUARDIA AIRPORT, NY US",40.77944,-73.88035,3.4
2018-10-29,TAVG,GHCND:USW00014732,"H,,S,",11.8,WDF5,",,W,",250.0,2018-10-29,"LAGUARDIA AIRPORT, NY US",40.77944,-73.88035,3.4
2018-10-29,TAVG,GHCND:USW00014732,"H,,S,",11.8,WSF2,",,W,",9.8,2018-10-29,"LAGUARDIA AIRPORT, NY US",40.77944,-73.88035,3.4
2018-10-29,TAVG,GHCND:USW00014732,"H,,S,",11.8,WSF5,",,W,",13.0,2018-10-29,"LAGUARDIA AIRPORT, NY US",40.77944,-73.88035,3.4
2018-10-29,TMAX,GHCND:USW00014732,",,W,2400",14.4,AWND,",,W,",5.7,2018-10-29,"LAGUARDIA AIRPORT, NY US",40.77944,-73.88035,3.4
2018-10-29,TMAX,GHCND:USW00014732,",,W,2400",14.4,PRCP,",,W,2400",0.8,2018-10-29,"LAGUARDIA AIRPORT, NY US",40.77944,-73.88035,3.4
2018-10-29,TMAX,GHCND:USW00014732,",,W,2400",14.4,SNOW,",,W,",0.0,2018-10-29,"LAGUARDIA AIRPORT, NY US",40.77944,-73.88035,3.4
2018-10-29,TMAX,GHCND:USW00014732,",,W,2400",14.4,SNWD,",,W,2400",0.0,2018-10-29,"LAGUARDIA AIRPORT, NY US",40.77944,-73.88035,3.4
2018-10-29,TMAX,GHCND:USW00014732,",,W,2400",14.4,TAVG,"H,,S,",11.8,2018-10-29,"LAGUARDIA AIRPORT, NY US",40.77944,-73.88035,3.4
2018-10-29,TMAX,GHCND:USW00014732,",,W,2400",14.4,TMAX,",,W,2400",14.4,2018-10-29,"LAGUARDIA AIRPORT, NY US",40.77944,-73.88035,3.4
2018-10-29,TMAX,GHCND:USW00014732,",,W,2400",14.4,TMIN,",,W,2400",9.4,2018-10-29,"LAGUARDIA AIRPORT, NY US",40.77944,-73.88035,3.4
2018-10-29,TMAX,GHCND:USW00014732,",,W,2400",14.4,WDF2,",,W,",300.0,2018-10-29,"LAGUARDIA AIRPORT, NY US",40.77944,-73.88035,3.4
2018-10-29,TMAX,GHCND:USW00014732,",,W,2400",14.4,WDF5,",,W,",250.0,2018-10-29,"LAGUARDIA AIRPORT, NY US",40.77944,-73.88035,3.4
2018-10-29,TMAX,GHCND:USW00014732,",,W,2400",14.4,WSF2,",,W,",9.8,2018-10-29,"LAGUARDIA AIRPORT, NY US",40.77944,-73.88035,3.4
2018-10-29,TMAX,GHCND:USW00014732,",,W,2400",14.4,WSF5,",,W,",13.0,2018-10-29,"LAGUARDIA AIRPORT, NY US",40.77944,-73.88035,3.4
2018-10-29,TMIN,GHCND:USW00014732,",,W,2400",9.4,AWND,",,W,",5.7,2018-10-29,"LAGUARDIA AIRPORT, NY US",40.77944,-73.88035,3.4
2018-10-29,TMIN,GHCND:USW00014732,",,W,2400",9.4,PRCP,",,W,2400",0.8,2018-10-29,"LAGUARDIA AIRPORT, NY US",40.77944,-73.88035,3.4
2018-10-29,TMIN,GHCND:USW00014732,",,W,2400",9.4,SNOW,",,W,",0.0,2018-10-29,"LAGUARDIA AIRPORT, NY US",40.77944,-73.88035,3.4
2018-10-29,TMIN,GHCND:USW00014732,",,W,2400",9.4,SNWD,",,W,2400",0.0,2018-10-29,"LAGUARDIA AIRPORT, NY US",40.77944,-73.88035,3.4
2018-10-29,TMIN,GHCND:USW00014732,",,W,2400",9.4,TAVG,"H,,S,",11.8,2018-10-29,"LAGUARDIA AIRPORT, NY US",40.77944,-73.88035,3.4
2018-10-29,TMIN,GHCND:USW00014732,",,W,2400",9.4,TMAX,",,W,2400",14.4,2018-10-29,"LAGUARDIA AIRPORT, NY US",40.77944,-73.88035,3.4
2018-10-29,TMIN,GHCND:USW00014732,",,W,2400",9.4,TMIN,",,W,2400",9.4,2018-10-29,"LAGUARDIA AIRPORT, NY US",40.77944,-73.88035,3.4
2018-10-29,TMIN,GHCND:USW00014732,",,W,2400",9.4,WDF2,",,W,",300.0,2018-10-29,"LAGUARDIA AIRPORT, NY US",40.77944,-73.88035,3.4
2018-10-29,TMIN,GHCND:USW00014732,",,W,2400",9.4,WDF5,",,W,",250.0,2018-10-29,"LAGUARDIA AIRPORT, NY US",40.77944,-73.88035,3.4
2018-10-29,TMIN,GHCND:USW00014732,",,W,2400",9.4,WSF2,",,W,",9.8,2018-10-29,"LAGUARDIA AIRPORT, NY US",40.77944,-73.88035,3.4
2018-10-29,TMIN,GHCND:USW00014732,",,W,2400",9.4,WSF5,",,W,",13.0,2018-10-29,"LAGUARDIA AIRPORT, NY US",40.77944,-73.88035,3.4
2018-10-30,TAVG,GHCND:USW00014732,"H,,S,",10.2,AWND,",,W,",5.6,2018-10-30,"LAGUARDIA AIRPORT, NY US",40.77944,-73.88035,3.4
2018-10-30,TAVG,GHCND:USW00014732,"H,,S,",10.2,PRCP,",,W,2400",0.0,2018-10-30,"LAGUARDIA AIRPORT, NY US",40.77944,-73.88035,3.4
2018-10-30,TAVG,GHCND:USW00014732,"H,,S,",10.2,SNOW,",,W,",0.0,2018-10-30,"LAGUARDIA AIRPORT, NY US",40.77944,-73.88035,3.4
2018-10-30,TAVG,GHCND:USW00014732,"H,,S,",10.2,SNWD,",,W,2400",0.0,2018-10-30,"LAGUARDIA AIRPORT, NY US",40.77944,-73.88035,3.4
2018-10-30,TAVG,GHCND:USW00014732,"H,,S,",10.2,TAVG,"H,,S,",10.2,2018-10-30,"LAGUARDIA AIRPORT, NY US",40.77944,-73.88035,3.4
2018-10-30,TAVG,GHCND:USW00014732,"H,,S,",10.2,TMAX,",,W,2400",13.9,2018-10-30,"LAGUARDIA AIRPORT, NY US",40.77944,-73.88035,3.4
2018-10-30,TAVG,GHCND:USW00014732,"H,,S,",10.2,TMIN,",,W,2400",7.2,2018-10-30,"LAGUARDIA AIRPORT, NY US",40.77944,-73.88035,3.4
2018-10-30,TAVG,GHCND:USW00014732,"H,,S,",10.2,WDF2,",,W,",310.0,2018-10-30,"LAGUARDIA AIRPORT, NY US",40.77944,-73.88035,3.4
2018-10-30,TAVG,GHCND:USW00014732,"H,,S,",10.2,WDF5,",,W,",310.0,2018-10-30,"LAGUARDIA AIRPORT, NY US",40.77944,-73.88035,3.4
2018-10-30,TAVG,GHCND:USW00014732,"H,,S,",10.2,WSF2,",,W,",9.8,2018-10-30,"LAGUARDIA AIRPORT, NY US",40.77944,-73.88035,3.4
2018-10-30,TAVG,GHCND:USW00014732,"H,,S,",10.2,WSF5,",,W,",12.5,2018-10-30,"LAGUARDIA AIRPORT, NY US",40.77944,-73.88035,3.4
2018-10-30,TMAX,GHCND:USW00014732,",,W,2400",13.9,AWND,",,W,",5.6,2018-10-30,"LAGUARDIA AIRPORT, NY US",40.77944,-73.88035,3.4
2018-10-30,TMAX,GHCND:USW00014732,",,W,2400",13.9,PRCP,",,W,2400",0.0,2018-10-30,"LAGUARDIA AIRPORT, NY US",40.77944,-73.88035,3.4
2018-10-30,TMAX,GHCND:USW00014732,",,W,2400",13.9,SNOW,",,W,",0.0,2018-10-30,"LAGUARDIA AIRPORT, NY US",40.77944,-73.88035,3.4
2018-10-30,TMAX,GHCND:USW00014732,",,W,2400",13.9,SNWD,",,W,2400",0.0,2018-10-30,"LAGUARDIA AIRPORT, NY US",40.77944,-73.88035,3.4
2018-10-30,TMAX,GHCND:USW00014732,",,W,2400",13.9,TAVG,"H,,S,",10.2,2018-10-30,"LAGUARDIA AIRPORT, NY US",40.77944,-73.88035,3.4
2018-10-30,TMAX,GHCND:USW00014732,",,W,2400",13.9,TMAX,",,W,2400",13.9,2018-10-30,"LAGUARDIA AIRPORT, NY US",40.77944,-73.88035,3.4
2018-10-30,TMAX,GHCND:USW00014732,",,W,2400",13.9,TMIN,",,W,2400",7.2,2018-10-30,"LAGUARDIA AIRPORT, NY US",40.77944,-73.88035,3.4
2018-10-30,TMAX,GHCND:USW00014732,",,W,2400",13.9,WDF2,",,W,",310.0,2018-10-30,"LAGUARDIA AIRPORT, NY US",40.77944,-73.88035,3.4
2018-10-30,TMAX,GHCND:USW00014732,",,W,2400",13.9,WDF5,",,W,",310.0,2018-10-30,"LAGUARDIA AIRPORT, NY US",40.77944,-73.88035,3.4
2018-10-30,TMAX,GHCND:USW00014732,",,W,2400",13.9,WSF2,",,W,",9.8,2018-10-30,"LAGUARDIA AIRPORT, NY US",40.77944,-73.88035,3.4
2018-10-30,TMAX,GHCND:USW00014732,",,W,2400",13.9,WSF5,",,W,",12.5,2018-10-30,"LAGUARDIA AIRPORT, NY US",40.77944,-73.88035,3.4
2018-10-30,TMIN,GHCND:USW00014732,",,W,2400",7.2,AWND,",,W,",5.6,2018-10-30,"LAGUARDIA AIRPORT, NY US",40.77944,-73.88035,3.4
2018-10-30,TMIN,GHCND:USW00014732,",,W,2400",7.2,PRCP,",,W,2400",0.0,2018-10-30,"LAGUARDIA AIRPORT, NY US",40.77944,-73.88035,3.4
2018-10-30,TMIN,GHCND:USW00014732,",,W,2400",7.2,SNOW,",,W,",0.0,2018-10-30,"LAGUARDIA AIRPORT, NY US",40.77944,-73.88035,3.4
2018-10-30,TMIN,GHCND:USW00014732,",,W,2400",7.2,SNWD,",,W,2400",0.0,2018-10-30,"LAGUARDIA AIRPORT, NY US",40.77944,-73.88035,3.4
2018-10-30,TMIN,GHCND:USW00014732,",,W,2400",7.2,TAVG,"H,,S,",10.2,2018-10-30,"LAGUARDIA AIRPORT, NY US",40.77944,-73.88035,3.4
2018-10-30,TMIN,GHCND:USW00014732,",,W,2400",7.2,TMAX,",,W,2400",13.9,2018-10-30,"LAGUARDIA AIRPORT, NY US",40.77944,-73.88035,3.4
2018-10-30,TMIN,GHCND:USW00014732,",,W,2400",7.2,TMIN,",,W,2400",7.2,2018-10-30,"LAGUARDIA AIRPORT, NY US",40.77944,-73.88035,3.4
2018-10-30,TMIN,GHCND:USW00014732,",,W,2400",7.2,WDF2,",,W,",310.0,2018-10-30,"LAGUARDIA AIRPORT, NY US",40.77944,-73.88035,3.4
2018-10-30,TMIN,GHCND:USW00014732,",,W,2400",7.2,WDF5,",,W,",310.0,2018-10-30,"LAGUARDIA AIRPORT, NY US",40.77944,-73.88035,3.4
2018-10-30,TMIN,GHCND:USW00014732,",,W,2400",7.2,WSF2,",,W,",9.8,2018-10-30,"LAGUARDIA AIRPORT, NY US",40.77944,-73.88035,3.4
2018-10-30,TMIN,GHCND:USW00014732,",,W,2400",7.2,WSF5,",,W,",12.5,2018-10-30,"LAGUARDIA AIRPORT, NY US",40.77944,-73.88035,3.4
2018-10-31,TAVG,GHCND:USW00014732,"H,,S,",12.6,AWND,",,W,",3.6,2018-10-31,"LAGUARDIA AIRPORT, NY US",40.77944,-73.88035,3.4
2018-10-31,TAVG,GHCND:USW00014732,"H,,S,",12.6,PRCP,",,W,2400",0.0,2018-10-31,"LAGUARDIA AIRPORT, NY US",40.77944,-73.88035,3.4
2018-10-31,TAVG,GHCND:USW00014732,"H,,S,",12.6,SNOW,",,W,",0.0,2018-10-31,"LAGUARDIA AIRPORT, NY US",40.77944,-73.88035,3.4
2018-10-31,TAVG,GHCND:USW00014732,"H,,S,",12.6,SNWD,",,W,2400",0.0,2018-10-31,"LAGUARDIA AIRPORT, NY US",40.77944,-73.88035,3.4
2018-10-31,TAVG,GHCND:USW00014732,"H,,S,",12.6,TAVG,"H,,S,",12.6,2018-10-31,"LAGUARDIA AIRPORT, NY US",40.77944,-73.88035,3.4
2018-10-31,TAVG,GHCND:USW00014732,"H,,S,",12.6,TMAX,",,W,2400",17.8,2018-10-31,"LAGUARDIA AIRPORT, NY US",40.77944,-73.88035,3.4
2018-10-31,TAVG,GHCND:USW00014732,"H,,S,",12.6,TMIN,",,W,2400",7.2,2018-10-31,"LAGUARDIA AIRPORT, NY US",40.77944,-73.88035,3.4
2018-10-31,TAVG,GHCND:USW00014732,"H,,S,",12.6,WDF2,",,W,",170.0,2018-10-31,"LAGUARDIA AIRPORT, NY US",40.77944,-73.88035,3.4
2018-10-31,TAVG,GHCND:USW00014732,"H,,S,",12.6,WDF5,",,W,",160.0,2018-10-31,"LAGUARDIA AIRPORT, NY US",40.77944,-73.88035,3.4
2018-10-31,TAVG,GHCND:USW00014732,"H,,S,",12.6,WSF2,",,W,",9.8,2018-10-31,"LAGUARDIA AIRPORT, NY US",40.77944,-73.88035,3.4
2018-10-31,TAVG,GHCND:USW00014732,"H,,S,",12.6,WSF5,",,W,",12.5,2018-10-31,"LAGUARDIA AIRPORT, NY US",40.77944,-73.88035,3.4
2018-10-31,TMAX,GHCND:USW00014732,",,W,2400",17.8,AWND,",,W,",3.6,2018-10-31,"LAGUARDIA AIRPORT, NY US",40.77944,-73.88035,3.4
2018-10-31,TMAX,GHCND:USW00014732,",,W,2400",17.8,PRCP,",,W,2400",0.0,2018-10-31,"LAGUARDIA AIRPORT, NY US",40.77944,-73.88035,3.4
2018-10-31,TMAX,GHCND:USW00014732,",,W,2400",17.8,SNOW,",,W,",0.0,2018-10-31,"LAGUARDIA AIRPORT, NY US",40.77944,-73.88035,3.4
2018-10-31,TMAX,GHCND:USW00014732,",,W,2400",17.8,SNWD,",,W,2400",0.0,2018-10-31,"LAGUARDIA AIRPORT, NY US",40.77944,-73.88035,3.4
2018-10-31,TMAX,GHCND:USW00014732,",,W,2400",17.8,TAVG,"H,,S,",12.6,2018-10-31,"LAGUARDIA AIRPORT, NY US",40.77944,-73.88035,3.4
2018-10-31,TMAX,GHCND:USW00014732,",,W,2400",17.8,TMAX,",,W,2400",17.8,2018-10-31,"LAGUARDIA AIRPORT, NY US",40.77944,-73.88035,3.4
2018-10-31,TMAX,GHCND:USW00014732,",,W,2400",17.8,TMIN,",,W,2400",7.2,2018-10-31,"LAGUARDIA AIRPORT, NY US",40.77944,-73.88035,3.4
2018-10-31,TMAX,GHCND:USW00014732,",,W,2400",17.8,WDF2,",,W,",170.0,2018-10-31,"LAGUARDIA AIRPORT, NY US",40.77944,-73.88035,3.4
2018-10-31,TMAX,GHCND:USW00014732,",,W,2400",17.8,WDF5,",,W,",160.0,2018-10-31,"LAGUARDIA AIRPORT, NY US",40.77944,-73.88035,3.4
2018-10-31,TMAX,GHCND:USW00014732,",,W,2400",17.8,WSF2,",,W,",9.8,2018-10-31,"LAGUARDIA AIRPORT, NY US",40.77944,-73.88035,3.4
2018-10-31,TMAX,GHCND:USW00014732,",,W,2400",17.8,WSF5,",,W,",12.5,2018-10-31,"LAGUARDIA AIRPORT, NY US",40.77944,-73.88035,3.4
2018-10-31,TMIN,GHCND:USW00014732,",,W,2400",7.2,AWND,",,W,",3.6,2018-10-31,"LAGUARDIA AIRPORT, NY US",40.77944,-73.88035,3.4
2018-10-31,TMIN,GHCND:USW00014732,",,W,2400",7.2,PRCP,",,W,2400",0.0,2018-10-31,"LAGUARDIA AIRPORT, NY US",40.77944,-73.88035,3.4
2018-10-31,TMIN,GHCND:USW00014732,",,W,2400",7.2,SNOW,",,W,",0.0,2018-10-31,"LAGUARDIA AIRPORT, NY US",40.77944,-73.88035,3.4
2018-10-31,TMIN,GHCND:USW00014732,",,W,2400",7.2,SNWD,",,W,2400",0.0,2018-10-31,"LAGUARDIA AIRPORT, NY US",40.77944,-73.88035,3.4
2018-10-31,TMIN,GHCND:USW00014732,",,W,2400",7.2,TAVG,"H,,S,",12.6,2018-10-31,"LAGUARDIA AIRPORT, NY US",40.77944,-73.88035,3.4
2018-10-31,TMIN,GHCND:USW00014732,",,W,2400",7.2,TMAX,",,W,2400",17.8,2018-10-31,"LAGUARDIA AIRPORT, NY US",40.77944,-73.88035,3.4
2018-10-31,TMIN,GHCND:USW00014732,",,W,2400",7.2,TMIN,",,W,2400",7.2,2018-10-31,"LAGUARDIA AIRPORT, NY US",40.77944,-73.88035,3.4
2018-10-31,TMIN,GHCND:USW00014732,",,W,2400",7.2,WDF2,",,W,",170.0,2018-10-31,"LAGUARDIA AIRPORT, NY US",40.77944,-73.88035,3.4
2018-10-31,TMIN,GHCND:USW00014732,",,W,2400",7.2,WDF5,",,W,",160.0,2018-10-31,"LAGUARDIA AIRPORT, NY US",40.77944,-73.88035,3.4
2018-10-31,TMIN,GHCND:USW00014732,",,W,2400",7.2,WSF2,",,W,",9.8,2018-10-31,"LAGUARDIA AIRPORT, NY US",40.77944,-73.88035,3.4
2018-10-31,TMIN,GHCND:USW00014732,",,W,2400",7.2,WSF5,",,W,",12.5,2018-10-31,"LAGUARDIA AIRPORT, NY US",40.77944,-73.88035,3.4
